OncotreeLineage,SampleCount,Percentage
Lung,212,12.42
Lymphoid,188,11.01
Skin,121,7.09
CNS/Brain,103,6.03
Bowel,86,5.04
Soft Tissue,86,5.04
Esophagus/Stomach,78,4.57
Head and Neck,75,4.39
Myeloid,75,4.39
Breast,71,4.16
Bone,69,4.04
Ovary/Fallopian Tube,67,3.93
Pancreas,55,3.22
Kidney,53,3.10
Peripheral Nervous System,46,2.69
Biliary Tract,43,2.52
Uterus,43,2.52
Fibroblast,42,2.46
Bladder/Urinary Tract,37,2.17
Liver,28,1.64
Eye,23,1.35
Pleura,22,1.29
Thyroid,22,1.29
Cervix,21,1.23
Prostate,13,0.76
Testis,10,0.59
Ampulla of Vater,5,0.29
Muscle,5,0.29
Adrenal Gland,2,0.12
Hair,2,0.12
Vulva/Vagina,2,0.12
Embryonal,1,0.06
Other,1,0.06
