ModelID,Stage,Top1Class,Top2Class,Top1Bars,Top2Bars,Top1MinusTop2,Top1Ratio
ACH-000542,INITIAL,Skin,Ovary/Fallopian Tube,4,4,0.036310608,1.020925
ACH-000542,AFTER_GENE_SCAN,Ovary/Fallopian Tube,Skin,4,2,2.5075596,1.7021684
ACH-002084,INITIAL,Skin,Bone,4,0,3.7636239,3.7636239e+08
ACH-002084,AFTER_GENE_SCAN,Skin,Bone,4,0,9.5431321,9.5431321e+08
ACH-000837,INITIAL,Esophagus/Stomach,Bowel,4,1,1.4510592,3.5718749
ACH-000837,AFTER_GENE_SCAN,Breast,Esophagus/Stomach,4,3,0.98189113,1.4625017
ACH-000644,INITIAL,Skin,Bone,4,0,3.7636239,3.7636239e+08
ACH-000644,AFTER_GENE_SCAN,Skin,Bone,4,0,9.5431321,9.5431321e+08
ACH-000511,INITIAL,Bowel,Breast,4,4,0.20275393,1.1106221
ACH-000511,AFTER_GENE_SCAN,Breast,Bowel,4,3,1.1999046,1.5010291
ACH-000528,INITIAL,Ovary/Fallopian Tube,Esophagus/Stomach,4,2,1.103802,2.0847555
ACH-000528,AFTER_GENE_SCAN,Ovary/Fallopian Tube,Esophagus/Stomach,4,3,1.3036297,1.5125642
ACH-000538,INITIAL,CNS/Brain,Esophagus/Stomach,4,3,0.31689185,1.2976295
ACH-000538,AFTER_GENE_SCAN,Bowel,Breast,4,3,0.76921298,1.4223092
ACH-000642,INITIAL,Ovary/Fallopian Tube,CNS/Brain,4,3,0.3491391,1.2845234
ACH-000642,AFTER_GENE_SCAN,Breast,Skin,4,2,1.8371257,2.0208638
ACH-000769,INITIAL,Ovary/Fallopian Tube,Bowel,4,4,0.15823245,1.0729818
ACH-000769,AFTER_GENE_SCAN,Bowel,Ovary/Fallopian Tube,4,2,1.9646474,1.8445226
ACH-000012,INITIAL,Bone,Ovary/Fallopian Tube,4,4,0.07821466,1.045871
ACH-000012,AFTER_GENE_SCAN,Bowel,Lung,4,3,0.57631757,1.3216965
ACH-001719,INITIAL,Ovary/Fallopian Tube,Bone,4,4,0.095579717,1.0497415
ACH-001719,AFTER_GENE_SCAN,Ovary/Fallopian Tube,Bone,4,1,6.5579341,4.3682759
ACH-000253,INITIAL,Bowel,Breast,4,3,0.52542335,1.3591158
ACH-000253,AFTER_GENE_SCAN,Bowel,Breast,4,1,6.5895605,5.5038256
ACH-000793,INITIAL,Bowel,Breast,4,3,0.55189138,1.3772061
ACH-000793,AFTER_GENE_SCAN,Bowel,Breast,4,1,6.634256,5.534374
ACH-000381,INITIAL,Bowel,Esophagus/Stomach,4,0,3.7985515,15.964925
ACH-000381,AFTER_GENE_SCAN,Bowel,Esophagus/Stomach,4,0,9.1642857,8.5796324
ACH-001032,INITIAL,Bone,CNS/Brain,4,1,2.9119487,5.0789006
ACH-001032,AFTER_GENE_SCAN,Bone,CNS/Brain,4,0,8.3775714,8.816569
ACH-003410,INITIAL,Ovary/Fallopian Tube,CNS/Brain,4,2,0.85080749,1.6679665
ACH-003410,AFTER_GENE_SCAN,Bone,Ovary/Fallopian Tube,4,3,0.74679908,1.3515117
ACH-000929,INITIAL,Breast,Esophagus/Stomach,4,0,3.3664238,31.964535
ACH-000929,AFTER_GENE_SCAN,Breast,Esophagus/Stomach,4,0,8.6509791,30.716531
ACH-000780,INITIAL,Breast,Esophagus/Stomach,4,0,2.6400651,9.0028911
ACH-000780,AFTER_GENE_SCAN,Breast,Ovary/Fallopian Tube,4,2,2.465058,2.0596289
ACH-002499,INITIAL,Bowel,Skin,4,3,0.38979311,1.2191923
ACH-002499,AFTER_GENE_SCAN,Ovary/Fallopian Tube,Bowel,4,2,2.1753413,2.003336
ACH-000264,INITIAL,Ovary/Fallopian Tube,Esophagus/Stomach,4,2,0.75569802,1.7998506
ACH-000264,AFTER_GENE_SCAN,Bone,Bowel,4,2,1.8462102,2.0159456
ACH-000935,INITIAL,CNS/Brain,Skin,4,3,0.57139961,1.4777075
ACH-000935,AFTER_GENE_SCAN,CNS/Brain,Bone,4,3,0.63232493,1.2055532
ACH-000116,INITIAL,Ovary/Fallopian Tube,Bone,4,0,3.7112285,91.175167
ACH-000116,AFTER_GENE_SCAN,Ovary/Fallopian Tube,Bowel,4,0,9.8118378,23.90654
ACH-003176,INITIAL,Bone,Skin,4,2,0.77424121,1.6425665
ACH-003176,AFTER_GENE_SCAN,Bone,CNS/Brain,4,2,3.6493482,2.6251462
ACH-000304,INITIAL,Skin,Bone,4,0,3.7636239,3.7636239e+08
ACH-000304,AFTER_GENE_SCAN,Skin,Bone,4,0,9.5431321,9.5431321e+08
ACH-001340,INITIAL,Ovary/Fallopian Tube,Breast,4,4,0.18425724,1.1005304
ACH-001340,AFTER_GENE_SCAN,Ovary/Fallopian Tube,Breast,4,1,6.672053,4.640258
ACH-001712,INITIAL,Bone,CNS/Brain,4,1,2.4227235,3.0800768
ACH-001712,AFTER_GENE_SCAN,Bone,Bowel,4,2,3.3408721,2.5409156
ACH-001373,INITIAL,Ovary/Fallopian Tube,Bone,4,4,0.20774063,1.1148139
ACH-001373,AFTER_GENE_SCAN,Ovary/Fallopian Tube,Bone,4,1,6.670095,4.6353062
ACH-000873,INITIAL,Bowel,Esophagus/Stomach,4,3,0.68011513,1.4713971
ACH-000873,AFTER_GENE_SCAN,Bowel,Esophagus/Stomach,4,4,0.17959869,1.0716251
ACH-000544,INITIAL,Breast,Ovary/Fallopian Tube,4,3,0.24520445,1.1555628
ACH-000544,AFTER_GENE_SCAN,Ovary/Fallopian Tube,Breast,4,4,0.26587605,1.073109
ACH-001061,INITIAL,Bowel,Esophagus/Stomach,4,1,3.3268829,5.8615098
ACH-001061,AFTER_GENE_SCAN,Bowel,Esophagus/Stomach,4,1,8.4468801,5.8443622
ACH-001500,INITIAL,CNS/Brain,Esophagus/Stomach,4,3,0.4353693,1.4601036
ACH-001500,AFTER_GENE_SCAN,Bone,Bowel,4,4,0.10285071,1.0431885
ACH-003065,INITIAL,Skin,CNS/Brain,4,3,0.35461774,1.2454167
ACH-003065,AFTER_GENE_SCAN,Skin,Ovary/Fallopian Tube,4,2,1.6444708,1.8073322
ACH-001035,INITIAL,Bone,CNS/Brain,4,1,2.9119487,5.0789006
ACH-001035,AFTER_GENE_SCAN,Bone,CNS/Brain,4,0,8.3775714,8.816569
ACH-000501,INITIAL,Bowel,Ovary/Fallopian Tube,4,3,0.40746626,1.2585051
ACH-000501,AFTER_GENE_SCAN,Bowel,Skin,4,1,4.1958695,3.3315831
ACH-000967,INITIAL,Breast,Esophagus/Stomach,4,1,2.403082,4.8628436
ACH-000967,AFTER_GENE_SCAN,Breast,Bowel,4,2,4.049914,2.543776
ACH-000775,INITIAL,Bowel,Esophagus/Stomach,4,1,2.8191709,3.4518301
ACH-000775,AFTER_GENE_SCAN,Bowel,Ovary/Fallopian Tube,4,1,5.655884,3.4312361
ACH-002690,INITIAL,Bowel,CNS/Brain,4,2,0.79882543,1.6509857
ACH-002690,AFTER_GENE_SCAN,Bone,Bowel,4,4,0.072379134,1.0172576
ACH-000431,INITIAL,Skin,Ovary/Fallopian Tube,4,4,0.19692951,1.1249362
ACH-000431,AFTER_GENE_SCAN,Bone,Skin,4,2,1.8841505,2.0625887
ACH-000659,INITIAL,Bone,CNS/Brain,4,2,1.0181027,1.7893051
ACH-000659,AFTER_GENE_SCAN,Bone,Bowel,4,2,2.0320108,2.0100685
ACH-001393,INITIAL,Breast,Lung,4,0,3.1055041,15.337015
ACH-001393,AFTER_GENE_SCAN,Breast,Lung,4,0,8.6048705,32.734443
ACH-000647,INITIAL,Bone,Breast,4,0,3.5178563,308.6165
ACH-000647,AFTER_GENE_SCAN,Ovary/Fallopian Tube,Bone,4,3,0.95732106,1.2693088
ACH-001670,INITIAL,Bone,CNS/Brain,4,1,2.9119487,5.0789006
ACH-001670,AFTER_GENE_SCAN,Bone,CNS/Brain,4,0,8.3775714,8.816569
ACH-002003,INITIAL,Skin,Bone,4,0,3.7636239,3.7636239e+08
ACH-002003,AFTER_GENE_SCAN,Skin,Bone,4,0,9.5431321,9.5431321e+08
ACH-001973,INITIAL,Skin,Bone,4,0,3.7636239,3.7636239e+08
ACH-001973,AFTER_GENE_SCAN,Skin,Bone,4,0,9.5431321,9.5431321e+08
ACH-000510,INITIAL,Skin,CNS/Brain,4,4,0.0047702422,1.0034527
ACH-000510,AFTER_GENE_SCAN,Bone,Ovary/Fallopian Tube,4,3,0.49877691,1.2077567
ACH-002409,INITIAL,Bone,CNS/Brain,4,4,0.26173653,1.1249031
ACH-002409,AFTER_GENE_SCAN,Bone,Bowel,4,2,2.1106736,1.9735092
ACH-001458,INITIAL,Bowel,Esophagus/Stomach,4,0,3.7985515,15.964925
ACH-001458,AFTER_GENE_SCAN,Bowel,Esophagus/Stomach,4,0,9.1642857,8.5796324
ACH-000651,INITIAL,Bowel,Skin,4,4,0.16834143,1.0935449
ACH-000651,AFTER_GENE_SCAN,Bowel,Ovary/Fallopian Tube,4,2,3.6105741,2.55204
ACH-000985,INITIAL,Bowel,Esophagus/Stomach,4,1,3.3123624,5.837824
ACH-000985,AFTER_GENE_SCAN,Bowel,Esophagus/Stomach,4,1,8.6821826,7.2138775
ACH-000936,INITIAL,Bone,Ovary/Fallopian Tube,4,4,0.18880833,1.1051349
ACH-000936,AFTER_GENE_SCAN,Ovary/Fallopian Tube,Bone,4,4,0.1536517,1.0387173
ACH-001388,INITIAL,Breast,CNS/Brain,4,0,2.8831827,10.975671
ACH-001388,AFTER_GENE_SCAN,Breast,Esophagus/Stomach,4,0,8.2977202,25.336321
ACH-000788,INITIAL,Skin,Bone,4,0,3.6813903,3.6813903e+08
ACH-000788,AFTER_GENE_SCAN,Skin,Bone,4,0,9.4406564,9.4406564e+08
ACH-002531,INITIAL,Breast,Lung,4,0,2.9977975,23.704801
ACH-002531,AFTER_GENE_SCAN,Bowel,Breast,4,3,0.92607849,1.2958877
ACH-001399,INITIAL,Bowel,Esophagus/Stomach,4,1,2.8191709,3.4518301
ACH-001399,AFTER_GENE_SCAN,Bowel,Esophagus/Stomach,4,1,8.7858309,7.2592594
ACH-000852,INITIAL,Bowel,Esophagus/Stomach,4,1,3.212895,4.5249964
ACH-000852,AFTER_GENE_SCAN,Bowel,Esophagus/Stomach,4,1,7.6571668,4.1850401
ACH-001819,INITIAL,Breast,Lung,4,0,3.1116886,15.365566
ACH-001819,AFTER_GENE_SCAN,Breast,Esophagus/Stomach,4,0,8.5395219,25.328316
ACH-000215,INITIAL,Skin,CNS/Brain,4,3,0.39670422,1.2871316
ACH-000215,AFTER_GENE_SCAN,Bone,Skin,4,4,0.46809013,1.127889
ACH-000578,INITIAL,Bone,Lung,4,2,0.86173305,1.9477585
ACH-000578,AFTER_GENE_SCAN,Ovary/Fallopian Tube,Bone,4,4,0.32285803,1.0901908
ACH-000657,INITIAL,Skin,Ovary/Fallopian Tube,4,4,0.064304208,1.0370571
ACH-000657,AFTER_GENE_SCAN,Ovary/Fallopian Tube,Bone,4,4,0.00014174203,1.0000376
ACH-001608,INITIAL,CNS/Brain,Bone,4,2,1.4440521,2.0773417
ACH-001608,AFTER_GENE_SCAN,CNS/Brain,Bone,4,2,3.6151204,2.1032123
ACH-000269,INITIAL,Bone,CNS/Brain,4,3,0.61286565,1.4220116
ACH-000269,AFTER_GENE_SCAN,Bone,CNS/Brain,4,2,1.7154461,1.7919318
ACH-002077,INITIAL,Breast,Lung,4,3,0.38101099,1.3384237
ACH-002077,AFTER_GENE_SCAN,Bone,Skin,4,2,1.9051934,2.0744562
ACH-000670,INITIAL,Skin,Lung,4,2,0.89090817,2.0098002
ACH-000670,AFTER_GENE_SCAN,CNS/Brain,Skin,4,3,0.83554254,1.471214
ACH-000872,INITIAL,Lung,Bone,4,0,1.6393952,1.6393952e+08
ACH-000872,AFTER_GENE_SCAN,Breast,Lung,4,2,1.5103978,1.8916477
ACH-000111,INITIAL,Breast,Esophagus/Stomach,4,0,3.5688766,53.615983
ACH-000111,AFTER_GENE_SCAN,Breast,Ovary/Fallopian Tube,4,3,1.3103644,1.5632727
ACH-000949,INITIAL,Bowel,Breast,4,3,0.66301591,1.4531574
ACH-000949,AFTER_GENE_SCAN,Bowel,Esophagus/Stomach,4,1,6.1011032,3.9754795
ACH-002659,INITIAL,Bowel,Esophagus/Stomach,4,0,3.7378394,13.466001
ACH-002659,AFTER_GENE_SCAN,Bowel,Esophagus/Stomach,4,0,9.3995882,11.896301
ACH-000176,INITIAL,Ovary/Fallopian Tube,CNS/Brain,4,2,0.87013042,1.7332577
ACH-000176,AFTER_GENE_SCAN,Breast,Ovary/Fallopian Tube,4,3,1.0766248,1.523448
ACH-000504,INITIAL,Skin,Bone,4,0,3.6601261,3.6601261e+08
ACH-000504,AFTER_GENE_SCAN,Skin,Bone,4,0,9.4193922,9.4193922e+08
ACH-000987,INITIAL,Skin,Bone,4,0,3.7636239,3.7636239e+08
ACH-000987,AFTER_GENE_SCAN,Skin,Bone,4,0,9.5431321,9.5431321e+08
ACH-003426,INITIAL,Bone,CNS/Brain,4,2,0.8951356,1.7294716
ACH-003426,AFTER_GENE_SCAN,Bone,Bowel,4,1,3.8340972,2.7684065
ACH-002886,INITIAL,Bowel,Esophagus/Stomach,4,0,3.7378394,13.466001
ACH-002886,AFTER_GENE_SCAN,Bowel,Esophagus/Stomach,4,0,9.3995882,11.896301
ACH-000075,INITIAL,Bone,CNS/Brain,4,2,1.561897,2.2712208
ACH-000075,AFTER_GENE_SCAN,Bone,CNS/Brain,4,3,0.74668276,1.3040536
ACH-002510,INITIAL,Skin,Bone,4,0,3.7636239,3.7636239e+08
ACH-002510,AFTER_GENE_SCAN,Skin,Bone,4,0,9.5431321,9.5431321e+08
ACH-003457,INITIAL,Skin,Bone,4,0,3.7838685,3.7838685e+08
ACH-003457,AFTER_GENE_SCAN,Skin,Bone,4,1,5.7397921,3.987096
ACH-000711,INITIAL,Breast,Esophagus/Stomach,4,3,0.33273209,1.3500443
ACH-000711,AFTER_GENE_SCAN,Breast,Ovary/Fallopian Tube,4,3,0.41342074,1.1537626
ACH-000663,INITIAL,Ovary/Fallopian Tube,Bowel,4,0,3.3808535,10.904157
ACH-000663,AFTER_GENE_SCAN,Ovary/Fallopian Tube,Bowel,4,0,9.440307,13.26493
ACH-000666,INITIAL,Breast,Esophagus/Stomach,4,3,0.65356307,1.5542011
ACH-000666,AFTER_GENE_SCAN,Breast,Ovary/Fallopian Tube,4,3,1.0133618,1.4356033
ACH-000947,INITIAL,CNS/Brain,Bone,4,2,1.4886808,2.2486557
ACH-000947,AFTER_GENE_SCAN,CNS/Brain,Bone,4,4,0.38600509,1.1049922
ACH-001046,INITIAL,Skin,Bone,4,0,3.7016349,3.7016349e+08
ACH-001046,AFTER_GENE_SCAN,Ovary/Fallopian Tube,Skin,4,4,0.44000926,1.1188689
ACH-001662,INITIAL,Breast,Esophagus/Stomach,4,0,3.4147737,15.44231
ACH-001662,AFTER_GENE_SCAN,Breast,Ovary/Fallopian Tube,4,1,3.4669588,2.7187762
ACH-000674,INITIAL,Bowel,Esophagus/Stomach,4,1,2.8191709,3.4518301
ACH-000674,AFTER_GENE_SCAN,Bowel,Esophagus/Stomach,4,1,5.9769776,3.9538186
ACH-000752,INITIAL,Bone,CNS/Brain,4,3,0.6115997,1.3579038
ACH-000752,AFTER_GENE_SCAN,Bone,Skin,4,4,0.33961602,1.0870286
ACH-000857,INITIAL,Ovary/Fallopian Tube,Esophagus/Stomach,4,2,0.71321078,1.7044699
ACH-000857,AFTER_GENE_SCAN,Breast,Skin,4,2,1.6128744,1.8210859
ACH-000560,INITIAL,Breast,Esophagus/Stomach,4,3,0.18697219,1.1465149
ACH-000560,AFTER_GENE_SCAN,Bone,Breast,4,3,0.64446408,1.2161623
ACH-002662,INITIAL,Bowel,Esophagus/Stomach,4,0,3.7378394,13.466001
ACH-002662,AFTER_GENE_SCAN,Bowel,Esophagus/Stomach,4,0,9.3995882,11.896301
ACH-001986,INITIAL,Skin,Bone,4,0,3.7636239,3.7636239e+08
ACH-001986,AFTER_GENE_SCAN,Skin,Bone,4,0,9.5431321,9.5431321e+08
ACH-001374,INITIAL,Skin,Bone,4,4,0.15495058,1.0856379
ACH-001374,AFTER_GENE_SCAN,Skin,Bone,4,3,2.0283686,1.5436677
ACH-002532,INITIAL,Bowel,Esophagus/Stomach,4,0,3.7378394,13.466001
ACH-002532,AFTER_GENE_SCAN,Bowel,Esophagus/Stomach,4,0,9.3995882,11.896301
ACH-000507,INITIAL,Breast,Skin,4,4,0.033272053,1.0184888
ACH-000507,AFTER_GENE_SCAN,Bowel,Breast,4,1,4.175804,3.2783098
ACH-000126,INITIAL,Bone,CNS/Brain,4,3,0.47929919,1.2615643
ACH-000126,AFTER_GENE_SCAN,Bone,CNS/Brain,4,1,3.9520122,2.8575601
ACH-000582,INITIAL,Skin,Bone,4,0,3.7636239,3.7636239e+08
ACH-000582,AFTER_GENE_SCAN,Skin,Bone,4,0,9.5431321,9.5431321e+08
ACH-002689,INITIAL,Bone,CNS/Brain,4,1,3.1295114,7.9417794
ACH-002689,AFTER_GENE_SCAN,Bone,CNS/Brain,4,0,8.595134,11.628489
ACH-002512,INITIAL,Skin,Bone,4,0,3.7636239,3.7636239e+08
ACH-002512,AFTER_GENE_SCAN,Skin,Bone,4,0,9.5431321,9.5431321e+08
ACH-001982,INITIAL,Skin,Bone,4,0,3.7636239,3.7636239e+08
ACH-001982,AFTER_GENE_SCAN,Skin,Bone,4,0,9.5431321,9.5431321e+08
ACH-000844,INITIAL,Bowel,Breast,4,3,0.56526247,1.3208195
ACH-000844,AFTER_GENE_SCAN,Bowel,Breast,4,1,6.5871796,4.7386099
ACH-000516,INITIAL,Skin,CNS/Brain,4,3,0.54448464,1.4437161
ACH-000516,AFTER_GENE_SCAN,Bone,CNS/Brain,4,2,1.9252695,1.8609938
ACH-000248,INITIAL,Breast,Lung,4,0,3.1055041,15.337015
ACH-000248,AFTER_GENE_SCAN,Breast,Esophagus/Stomach,4,0,8.3873388,21.025144
ACH-000187,INITIAL,Ovary/Fallopian Tube,Breast,4,3,0.59973137,1.3364978
ACH-000187,AFTER_GENE_SCAN,Breast,Ovary/Fallopian Tube,4,3,1.2414756,1.5211892
ACH-001523,INITIAL,Breast,Ovary/Fallopian Tube,4,4,0.040201553,1.0249158
ACH-001523,AFTER_GENE_SCAN,Ovary/Fallopian Tube,Breast,4,4,0.26907326,1.077566
ACH-000958,INITIAL,Skin,Bone,4,0,3.7638984,3.7638984e+08
ACH-000958,AFTER_GENE_SCAN,Bowel,Skin,4,3,2.1730166,1.5773314
ACH-001632,INITIAL,Breast,Esophagus/Stomach,4,0,3.1383076,10.0923
ACH-001632,AFTER_GENE_SCAN,Breast,Ovary/Fallopian Tube,4,1,4.7871748,3.0542328
ACH-000919,INITIAL,Ovary/Fallopian Tube,Breast,4,3,0.55400594,1.3786514
ACH-000919,AFTER_GENE_SCAN,Bowel,Ovary/Fallopian Tube,4,1,4.0684947,3.0169931
ACH-000370,INITIAL,Skin,Ovary/Fallopian Tube,4,4,0.23730482,1.1416044
ACH-000370,AFTER_GENE_SCAN,Skin,Bowel,4,1,3.6508312,2.8020548
ACH-000624,INITIAL,Skin,Ovary/Fallopian Tube,4,4,0.22333914,1.141691
ACH-000624,AFTER_GENE_SCAN,Ovary/Fallopian Tube,Bowel,4,2,1.8725986,1.9224702
ACH-003061,INITIAL,Bone,Skin,4,4,0.036198294,1.0204144
ACH-003061,AFTER_GENE_SCAN,Bone,Breast,4,2,1.6964114,1.9255438
ACH-002846,INITIAL,Skin,Bone,4,0,3.7636239,3.7636239e+08
ACH-002846,AFTER_GENE_SCAN,Skin,Bone,4,0,9.5431321,9.5431321e+08
ACH-000943,INITIAL,Bowel,Esophagus/Stomach,4,1,3.0616186,5.5618754
ACH-000943,AFTER_GENE_SCAN,Bowel,Esophagus/Stomach,4,1,6.1115716,3.9116448
ACH-000434,INITIAL,Skin,Esophagus/Stomach,4,2,0.93204964,1.9813491
ACH-000434,AFTER_GENE_SCAN,Bowel,Skin,4,4,0.12994214,1.0690516
ACH-000052,INITIAL,Bone,CNS/Brain,4,1,2.9119487,5.0789006
ACH-000052,AFTER_GENE_SCAN,Bone,CNS/Brain,4,0,8.3775714,8.816569
ACH-001552,INITIAL,Bone,Breast,4,2,0.72276779,1.6651642
ACH-001552,AFTER_GENE_SCAN,Bone,Ovary/Fallopian Tube,4,3,0.52305806,1.1599472
ACH-000311,INITIAL,Bowel,Skin,4,4,0.20189602,1.1121907
ACH-000311,AFTER_GENE_SCAN,Bowel,Breast,4,4,0.34214517,1.0936282
ACH-000200,INITIAL,CNS/Brain,Bone,4,1,1.6814996,2.8134988
ACH-000200,AFTER_GENE_SCAN,CNS/Brain,Bone,4,3,0.55908118,1.1481331
ACH-001403,INITIAL,Ovary/Fallopian Tube,Bone,4,0,3.7112285,91.175167
ACH-001403,AFTER_GENE_SCAN,Ovary/Fallopian Tube,Bowel,4,0,9.8118378,23.90654
ACH-000482,INITIAL,Breast,Ovary/Fallopian Tube,4,0,3.3420611,20.821869
ACH-000482,AFTER_GENE_SCAN,Breast,Skin,4,1,5.373709,3.9860913
ACH-003226,INITIAL,Breast,Esophagus/Stomach,4,3,0.52634706,1.5172647
ACH-003226,AFTER_GENE_SCAN,Breast,Skin,4,3,1.1251977,1.5979335
ACH-000041,INITIAL,Bone,CNS/Brain,4,1,2.9613388,4.8128361
ACH-000041,AFTER_GENE_SCAN,Bone,Ovary/Fallopian Tube,4,1,5.2784828,3.2114084
ACH-001566,INITIAL,Skin,Bone,4,0,3.8151893,3.8151893e+08
ACH-001566,AFTER_GENE_SCAN,Skin,Bone,4,3,1.8995394,1.489576
ACH-000749,INITIAL,Bone,CNS/Brain,4,3,0.82250081,1.4905456
ACH-000749,AFTER_GENE_SCAN,Bone,Bowel,4,1,4.0619957,2.8735205
ACH-000668,INITIAL,Breast,Esophagus/Stomach,4,0,3.2368034,30.772281
ACH-000668,AFTER_GENE_SCAN,Breast,Bowel,4,2,2.7894427,2.1763151
ACH-000868,INITIAL,Bowel,Breast,4,3,0.34493564,1.1881962
ACH-000868,AFTER_GENE_SCAN,Breast,Ovary/Fallopian Tube,4,2,3.2581677,2.4208324
ACH-000025,INITIAL,Skin,Bone,4,0,2.6980113,8.1013273
ACH-000025,AFTER_GENE_SCAN,Bone,Skin,4,4,0.26863597,1.0864107
ACH-000639,INITIAL,Bowel,Lung,4,2,0.86731669,2.1455269
ACH-000639,AFTER_GENE_SCAN,Bowel,Bone,4,2,1.8344194,2.0098727
ACH-000787,INITIAL,Ovary/Fallopian Tube,Esophagus/Stomach,4,2,1.155273,2.0696638
ACH-000787,AFTER_GENE_SCAN,Ovary/Fallopian Tube,Bowel,4,2,2.3514011,2.1707594
ACH-000911,INITIAL,Esophagus/Stomach,Lung,4,4,0.062537158,1.0708828
ACH-000911,AFTER_GENE_SCAN,Skin,Bowel,4,4,0.064579912,1.0355375
ACH-000781,INITIAL,Bowel,Esophagus/Stomach,4,1,2.944027,5.2668097
ACH-000781,AFTER_GENE_SCAN,Bowel,Ovary/Fallopian Tube,4,1,5.9113893,4.5274414
ACH-000825,INITIAL,Lung,Bone,4,0,1.7914945,1.7914945e+08
ACH-000825,AFTER_GENE_SCAN,Bone,Skin,4,4,0.016906124,1.0093945
ACH-001113,INITIAL,Esophagus/Stomach,Breast,4,0,1.6886744,9.1143273
ACH-001113,AFTER_GENE_SCAN,Esophagus/Stomach,Breast,4,2,1.9828713,1.9606843
ACH-000665,INITIAL,CNS/Brain,Esophagus/Stomach,4,3,0.2823024,1.2987963
ACH-000665,AFTER_GENE_SCAN,Bone,CNS/Brain,4,4,0.2619248,1.1349428
ACH-000756,INITIAL,Bone,CNS/Brain,4,3,0.82250081,1.4905456
ACH-000756,AFTER_GENE_SCAN,Bone,CNS/Brain,4,2,3.7838396,2.5422953
ACH-000572,INITIAL,Skin,Bone,4,0,3.7636239,3.7636239e+08
ACH-000572,AFTER_GENE_SCAN,Skin,Bone,4,0,9.5431321,9.5431321e+08
ACH-000261,INITIAL,Skin,CNS/Brain,4,3,0.52736161,1.4238477
ACH-000261,AFTER_GENE_SCAN,Skin,Ovary/Fallopian Tube,4,2,1.9204923,2.16346
ACH-000784,INITIAL,Ovary/Fallopian Tube,Esophagus/Stomach,4,3,0.44047254,1.3878191
ACH-000784,AFTER_GENE_SCAN,Bowel,Breast,4,4,0.38844135,1.1406674
ACH-000479,INITIAL,Ovary/Fallopian Tube,CNS/Brain,4,2,1.0992396,1.8958018
ACH-000479,AFTER_GENE_SCAN,Bone,Ovary/Fallopian Tube,4,2,1.8604714,1.7997415
ACH-002067,INITIAL,Bone,Ovary/Fallopian Tube,4,0,3.3441622,20.115476
ACH-002067,AFTER_GENE_SCAN,Bone,CNS/Brain,4,1,7.8853506,7.7701224
ACH-000623,INITIAL,Skin,Bone,4,0,3.577895,3.577895e+08
ACH-000623,AFTER_GENE_SCAN,Skin,Bone,4,0,9.2546529,9.2546529e+08
ACH-000427,INITIAL,Bowel,Esophagus/Stomach,4,1,2.8191709,3.4518301
ACH-000427,AFTER_GENE_SCAN,Bowel,Esophagus/Stomach,4,1,8.18974,5.5024793
ACH-000631,INITIAL,Skin,Bone,4,0,3.6601261,3.6601261e+08
ACH-000631,AFTER_GENE_SCAN,Skin,Bone,4,1,5.6160498,3.9226981
ACH-001030,INITIAL,Bone,CNS/Brain,4,0,3.8022779,61.573954
ACH-001030,AFTER_GENE_SCAN,Bone,Bowel,4,3,1.6741534,1.4034751
ACH-001983,INITIAL,Skin,Bone,4,0,3.7636239,3.7636239e+08
ACH-001983,AFTER_GENE_SCAN,Skin,Bone,4,0,9.5431321,9.5431321e+08
ACH-000807,INITIAL,Bone,Skin,4,2,1.1422414,1.9549486
ACH-000807,AFTER_GENE_SCAN,Skin,Bone,4,3,0.73957179,1.3162766
ACH-001054,INITIAL,CNS/Brain,Bone,4,1,2.2046061,5.7161676
ACH-001054,AFTER_GENE_SCAN,Bone,CNS/Brain,4,3,0.7073426,1.2089041
ACH-001820,INITIAL,Skin,Breast,4,4,0.011237115,1.0063777
ACH-001820,AFTER_GENE_SCAN,Skin,Breast,4,3,1.9386109,1.5419363
ACH-000705,INITIAL,Breast,Esophagus/Stomach,4,2,0.79766814,1.7838779
ACH-000705,AFTER_GENE_SCAN,Breast,Esophagus/Stomach,4,1,5.5656823,5.3120627
ACH-000389,INITIAL,Breast,CNS/Brain,4,3,0.37029858,1.2562687
ACH-000389,AFTER_GENE_SCAN,Bone,CNS/Brain,4,3,0.61789819,1.1824879
ACH-000425,INITIAL,Skin,Bone,4,0,3.7636239,3.7636239e+08
ACH-000425,AFTER_GENE_SCAN,Skin,Bone,4,0,9.5431321,9.5431321e+08
ACH-000008,INITIAL,Skin,Bone,4,0,3.7636239,3.7636239e+08
ACH-000008,AFTER_GENE_SCAN,Skin,Bone,4,0,9.5431321,9.5431321e+08
ACH-000627,INITIAL,Bone,Ovary/Fallopian Tube,4,3,0.24024527,1.1524166
ACH-000627,AFTER_GENE_SCAN,Ovary/Fallopian Tube,Bowel,4,2,1.2261429,1.6052256
ACH-000845,INITIAL,Skin,Bone,4,0,3.8461296,3.8461296e+08
ACH-000845,AFTER_GENE_SCAN,Skin,Breast,4,1,3.7848639,3.0650138
ACH-000558,INITIAL,Bowel,CNS/Brain,4,3,0.72314663,1.5004607
ACH-000558,AFTER_GENE_SCAN,CNS/Brain,Bone,4,3,1.1076291,1.3367693
ACH-003456,INITIAL,Bowel,Ovary/Fallopian Tube,4,3,0.8043639,1.4717396
ACH-003456,AFTER_GENE_SCAN,Bone,Bowel,4,2,3.1869889,2.2699871
ACH-002705,INITIAL,Bowel,Esophagus/Stomach,4,2,1.0860216,1.7339685
ACH-002705,AFTER_GENE_SCAN,Bowel,Esophagus/Stomach,4,2,3.6633698,1.9759053
ACH-000017,INITIAL,Breast,Ovary/Fallopian Tube,4,0,3.0803976,24.518604
ACH-000017,AFTER_GENE_SCAN,Breast,Esophagus/Stomach,4,0,8.3859113,22.629849
ACH-000650,INITIAL,Skin,Bone,4,0,3.7636239,3.7636239e+08
ACH-000650,AFTER_GENE_SCAN,Skin,Bone,4,0,9.5431321,9.5431321e+08
ACH-000488,INITIAL,Esophagus/Stomach,Breast,4,1,1.7193419,7.9116697
ACH-000488,AFTER_GENE_SCAN,Esophagus/Stomach,Breast,4,3,1.1076781,1.5366606
ACH-000766,INITIAL,Bowel,Ovary/Fallopian Tube,4,3,0.45374235,1.2878637
ACH-000766,AFTER_GENE_SCAN,Bowel,Breast,4,3,0.54631213,1.1574859
ACH-002005,INITIAL,Skin,Bone,4,0,3.7636239,3.7636239e+08
ACH-002005,AFTER_GENE_SCAN,Skin,Bone,4,0,9.5431321,9.5431321e+08
ACH-001275,INITIAL,CNS/Brain,Esophagus/Stomach,4,3,0.31689185,1.2976295
ACH-001275,AFTER_GENE_SCAN,Bone,Skin,4,2,2.4354184,2.3533263
ACH-000231,INITIAL,CNS/Brain,Bone,4,2,1.06401,1.6686299
ACH-000231,AFTER_GENE_SCAN,Bone,CNS/Brain,4,3,1.1987937,1.2766492
ACH-000713,INITIAL,Bone,Ovary/Fallopian Tube,4,4,0.14368339,1.0911558
ACH-000713,AFTER_GENE_SCAN,Ovary/Fallopian Tube,Bone,4,3,2.0529495,1.5775256
ACH-000667,INITIAL,Breast,Lung,4,3,0.40798188,1.3712743
ACH-000667,AFTER_GENE_SCAN,Breast,Bowel,4,2,2.8971743,2.5810315
ACH-000343,INITIAL,Bone,CNS/Brain,4,3,0.8364614,1.5759768
ACH-000343,AFTER_GENE_SCAN,CNS/Brain,Bone,4,3,0.84503815,1.2627669
