CaseID,ModelID,CellLineName,TrueClass,AIPrediction,AIConfidence,AICorrect,Difficulty,DifficultyScore,InitialEvidenceTop1,AfterScanEvidenceTop1,GalaxyNearestClass
CASE_001,ACH-000008,A101D,Skin,Skin,0.99979200,True,EASY,0.00000000,Skin,Skin,Skin
CASE_002,ACH-000012,HCC-827,Lung,Lung,0.99986100,True,HARD,1.00000000,Bone,Bowel,Lung
CASE_003,ACH-000017,SK-BR-3,Breast,Breast,0.99991200,True,EASY,0.00000000,Breast,Breast,Breast
CASE_004,ACH-000025,CH-157MN,CNS/Brain,CNS/Brain,0.84223100,True,NORMAL,0.75000000,Skin,Bone,Lung
CASE_005,ACH-000041,RD-ES,Bone,Bone,0.99994700,True,NORMAL,0.25000000,Bone,Bone,Bone
CASE_006,ACH-000052,A-673,Bone,Bone,0.99995900,True,EASY,0.10000000,Bone,Bone,Bone
CASE_007,ACH-000075,U-87 MG,CNS/Brain,CNS/Brain,0.99915700,True,NORMAL,0.65000000,Bone,Bone,CNS/Brain
CASE_008,ACH-000111,HCC1187,Breast,Breast,0.98328000,True,NORMAL,0.45000000,Breast,Breast,Breast
CASE_009,ACH-000116,OAW28,Ovary/Fallopian Tube,Ovary/Fallopian Tube,0.97720300,True,EASY,0.00000000,Ovary/Fallopian Tube,Ovary/Fallopian Tube,Lung
CASE_010,ACH-000126,KG-1-C,CNS/Brain,CNS/Brain,0.99989500,True,NORMAL,0.45000000,Bone,Bone,CNS/Brain
CASE_011,ACH-000176,LOU-NH91,Lung,Lung,0.99732500,True,HARD,0.80000000,Ovary/Fallopian Tube,Breast,Bone
CASE_012,ACH-000187,COR-L311,Lung,Lung,0.99992300,True,HARD,0.90000000,Ovary/Fallopian Tube,Breast,Lung
CASE_013,ACH-000200,NMC-G1,CNS/Brain,CNS/Brain,0.99999400,True,NORMAL,0.55000000,CNS/Brain,CNS/Brain,CNS/Brain
CASE_014,ACH-000215,LN382,CNS/Brain,CNS/Brain,0.99980900,True,HARD,1.00000000,Skin,Bone,CNS/Brain
CASE_015,ACH-000231,KALS-1,CNS/Brain,CNS/Brain,0.99995500,True,HARD,0.80000000,CNS/Brain,Bone,CNS/Brain
CASE_016,ACH-000248,AU565,Breast,Breast,0.99973100,True,EASY,0.00000000,Breast,Breast,Breast
CASE_017,ACH-000253,COLO 201,Bowel,Bowel,0.99646700,True,NORMAL,0.45000000,Bowel,Bowel,Esophagus/Stomach
CASE_018,ACH-000261,RERF-LC-AI,Lung,Lung,0.99033800,True,NORMAL,0.60000000,Skin,Skin,CNS/Brain
CASE_019,ACH-000264,Calu-6,Lung,Bowel,0.50437200,False,NORMAL,0.65000000,Ovary/Fallopian Tube,Bone,Lung
CASE_020,ACH-000269,AM-38,CNS/Brain,CNS/Brain,0.98489100,True,NORMAL,0.60000000,Bone,Bone,Lung
CASE_021,ACH-000304,WM-115,Skin,Skin,0.99997800,True,EASY,0.00000000,Skin,Skin,Skin
CASE_022,ACH-000311,NCI-H2122,Lung,Lung,0.99792300,True,HARD,1.00000000,Bowel,Bowel,Lung
CASE_023,ACH-000343,NCI-H522,Lung,Lung,0.99961700,True,HARD,0.90000000,Bone,CNS/Brain,Lung
CASE_024,ACH-000370,SNU-626,CNS/Brain,CNS/Brain,0.99989400,True,NORMAL,0.55000000,Skin,Skin,CNS/Brain
CASE_025,ACH-000381,T84,Bowel,Bowel,0.99979700,True,EASY,0.00000000,Bowel,Bowel,Bowel
CASE_026,ACH-000389,H4,CNS/Brain,CNS/Brain,0.77634100,True,HARD,0.90000000,Breast,Bone,Skin
CASE_027,ACH-000425,UACC-62,Skin,Skin,0.99996100,True,EASY,0.00000000,Skin,Skin,Skin
CASE_028,ACH-000427,NCI-N87,Esophagus/Stomach,Esophagus/Stomach,0.98870500,True,NORMAL,0.25000000,Bowel,Bowel,Esophagus/Stomach
CASE_029,ACH-000431,NCI-H1694,Lung,Lung,0.99941100,True,HARD,0.85000000,Skin,Bone,Lung
CASE_030,ACH-000434,NCI-H1915,Lung,Lung,0.94857000,True,HARD,0.95000000,Skin,Bowel,Ovary/Fallopian Tube
CASE_031,ACH-000479,KNS-81,CNS/Brain,CNS/Brain,0.99996100,True,NORMAL,0.65000000,Ovary/Fallopian Tube,Bone,CNS/Brain
CASE_032,ACH-000482,RERF-LC-KJ,Lung,Lung,0.99799400,True,EASY,0.15000000,Breast,Breast,Lung
CASE_033,ACH-000488,TE-11,Esophagus/Stomach,Esophagus/Stomach,0.69595500,True,NORMAL,0.55000000,Esophagus/Stomach,Esophagus/Stomach,Esophagus/Stomach
CASE_034,ACH-000501,LS123,Bowel,Bowel,0.95160000,True,NORMAL,0.45000000,Bowel,Bowel,Lung
CASE_035,ACH-000504,SNB75,CNS/Brain,CNS/Brain,0.99931900,True,EASY,0.00000000,Skin,Skin,CNS/Brain
CASE_036,ACH-000507,KE-39,Esophagus/Stomach,Esophagus/Stomach,0.99589700,True,NORMAL,0.70000000,Breast,Bowel,Esophagus/Stomach
CASE_037,ACH-000510,NCI-H1299,Lung,Lung,0.98650700,True,HARD,1.00000000,Skin,Bone,Lung
CASE_038,ACH-000511,Calu-1,Lung,Lung,0.95868300,True,HARD,1.00000000,Bowel,Breast,Bone
CASE_039,ACH-000516,CAL-78,Bone,Bone,0.86615600,True,HARD,0.75000000,Skin,Bone,Skin
CASE_040,ACH-000528,ABC-1,Lung,Lung,0.99728800,True,NORMAL,0.65000000,Ovary/Fallopian Tube,Ovary/Fallopian Tube,Breast
CASE_041,ACH-000538,HUTU80,Bowel,Esophagus/Stomach,0.71759600,False,HARD,0.90000000,CNS/Brain,Bowel,Ovary/Fallopian Tube
CASE_042,ACH-000542,Hey-A8,Ovary/Fallopian Tube,Ovary/Fallopian Tube,0.96535600,True,HARD,0.85000000,Skin,Ovary/Fallopian Tube,Bone
CASE_043,ACH-000544,OE21,Esophagus/Stomach,Esophagus/Stomach,0.79390600,True,HARD,1.00000000,Breast,Ovary/Fallopian Tube,Esophagus/Stomach
CASE_044,ACH-000558,A-172,CNS/Brain,CNS/Brain,0.99970200,True,HARD,0.90000000,Bowel,CNS/Brain,CNS/Brain
CASE_045,ACH-000560,ECC10,Esophagus/Stomach,Esophagus/Stomach,0.93717200,True,HARD,0.90000000,Breast,Bone,Lung
CASE_046,ACH-000572,G-361,Skin,Skin,0.99997000,True,EASY,0.00000000,Skin,Skin,Skin
CASE_047,ACH-000578,HCC-1171,Lung,Lung,0.99960200,True,HARD,0.95000000,Bone,Ovary/Fallopian Tube,Lung
CASE_048,ACH-000582,COLO 741,Skin,Skin,0.99997900,True,EASY,0.00000000,Skin,Skin,Skin
CASE_049,ACH-000623,SNU-201,CNS/Brain,CNS/Brain,0.99998200,True,EASY,0.00000000,Skin,Skin,CNS/Brain
CASE_050,ACH-000624,HCC1806,Breast,Esophagus/Stomach,0.65435900,False,HARD,0.85000000,Skin,Ovary/Fallopian Tube,Lung
CASE_051,ACH-000627,LCLC-103H,Lung,Lung,0.97338100,True,HARD,0.75000000,Bone,Ovary/Fallopian Tube,Breast
CASE_052,ACH-000631,KS-1,CNS/Brain,CNS/Brain,0.99802900,True,EASY,0.15000000,Skin,Skin,Bone
CASE_053,ACH-000639,NCI-H211,Lung,Lung,0.99986300,True,NORMAL,0.50000000,Bowel,Bowel,Esophagus/Stomach
CASE_054,ACH-000642,HMEL,Breast,Lung,0.69163900,False,HARD,0.75000000,Ovary/Fallopian Tube,Breast,Esophagus/Stomach
CASE_055,ACH-000644,COLO 829,Skin,Skin,0.99998900,True,EASY,0.00000000,Skin,Skin,Skin
CASE_056,ACH-000647,TE-1,Esophagus/Stomach,Esophagus/Stomach,0.94756600,True,NORMAL,0.60000000,Bone,Ovary/Fallopian Tube,Lung
CASE_057,ACH-000650,IGR-37,Skin,Skin,0.99999300,True,EASY,0.00000000,Skin,Skin,Skin
CASE_058,ACH-000651,SW 620,Bowel,Bowel,0.95953700,True,NORMAL,0.70000000,Bowel,Bowel,Bowel
CASE_059,ACH-000657,A2780,Ovary/Fallopian Tube,Ovary/Fallopian Tube,0.64288300,True,HARD,1.00000000,Skin,Ovary/Fallopian Tube,Bone
CASE_060,ACH-000659,SCLC-21H,Lung,Lung,0.99970300,True,NORMAL,0.50000000,Bone,Bone,Lung
CASE_061,ACH-000663,OVTOKO,Ovary/Fallopian Tube,Ovary/Fallopian Tube,0.99996500,True,EASY,0.00000000,Ovary/Fallopian Tube,Ovary/Fallopian Tube,Breast
CASE_062,ACH-000665,SK-MES-1,Lung,Lung,0.99990600,True,HARD,1.00000000,CNS/Brain,Bone,Breast
CASE_063,ACH-000666,NCI-H1355,Lung,Lung,0.99997700,True,HARD,0.75000000,Breast,Breast,Lung
CASE_064,ACH-000667,HCC-44,Lung,Lung,0.95569900,True,NORMAL,0.60000000,Breast,Breast,Breast
CASE_065,ACH-000668,HCC70,Breast,Breast,0.94877900,True,NORMAL,0.30000000,Breast,Breast,Breast
CASE_066,ACH-000670,SBC-5,Lung,Lung,0.96808500,True,HARD,0.80000000,Skin,CNS/Brain,Lung
CASE_067,ACH-000674,NUGC-4,Esophagus/Stomach,Esophagus/Stomach,0.98679000,True,NORMAL,0.25000000,Bowel,Bowel,Bowel
CASE_068,ACH-000705,LC-1F,Lung,Lung,0.96702400,True,NORMAL,0.35000000,Breast,Breast,Lung
CASE_069,ACH-000711,JIMT-1,Breast,Breast,0.98804100,True,HARD,0.75000000,Breast,Breast,Lung
CASE_070,ACH-000713,Caov-3,Ovary/Fallopian Tube,Ovary/Fallopian Tube,0.64122800,True,HARD,1.00000000,Bone,Ovary/Fallopian Tube,Ovary/Fallopian Tube
CASE_071,ACH-000749,DMS 273,Lung,Lung,0.86249000,True,NORMAL,0.45000000,Bone,Bone,Bowel
CASE_072,ACH-000752,NCI-H196,Lung,Bone,0.75179500,False,HARD,0.90000000,Bone,Bone,CNS/Brain
CASE_073,ACH-000756,GI-1,CNS/Brain,CNS/Brain,0.99124300,True,NORMAL,0.60000000,Bone,Bone,Bone
CASE_074,ACH-000766,NCI-H1648,Lung,Lung,0.98452800,True,HARD,0.75000000,Bowel,Bowel,Ovary/Fallopian Tube
CASE_075,ACH-000769,LK-2,Lung,Lung,0.92774000,True,HARD,0.85000000,Ovary/Fallopian Tube,Bowel,Lung
CASE_076,ACH-000775,NCI-H727,Lung,Lung,0.93350000,True,NORMAL,0.25000000,Bowel,Bowel,Bowel
CASE_077,ACH-000780,NCI-H1105,Lung,Lung,0.99998900,True,NORMAL,0.30000000,Breast,Breast,Lung
CASE_078,ACH-000781,NCI-H2023,Lung,Lung,0.99998600,True,NORMAL,0.25000000,Bowel,Bowel,Lung
CASE_079,ACH-000784,KYSE-70,Esophagus/Stomach,Esophagus/Stomach,0.91128400,True,HARD,1.00000000,Ovary/Fallopian Tube,Bowel,Esophagus/Stomach
CASE_080,ACH-000787,LXF-289,Lung,Esophagus/Stomach,0.55352900,False,NORMAL,0.50000000,Ovary/Fallopian Tube,Ovary/Fallopian Tube,Lung
CASE_081,ACH-000788,A2058,Skin,Skin,0.99993200,True,EASY,0.00000000,Skin,Skin,Skin
CASE_082,ACH-000793,KATO III,Esophagus/Stomach,Esophagus/Stomach,0.90961200,True,NORMAL,0.45000000,Bowel,Bowel,Esophagus/Stomach
CASE_083,ACH-000807,SNU-738,CNS/Brain,Lung,0.87713600,False,ANOMALY,0.80000000,Bone,Skin,Breast
CASE_084,ACH-000825,HOP-92,Lung,Esophagus/Stomach,0.27986400,False,HARD,0.75000000,Lung,Bone,Lung
CASE_085,ACH-000837,NCI-H322,Lung,Lung,0.99704400,True,NORMAL,0.70000000,Esophagus/Stomach,Breast,Lung
CASE_086,ACH-000844,DMS 454,Lung,Lung,0.99893700,True,NORMAL,0.45000000,Bowel,Bowel,Lung
CASE_087,ACH-000845,NCI-H1373,Lung,Lung,0.99975300,True,EASY,0.15000000,Skin,Skin,Lung
CASE_088,ACH-000852,NCI-H1435,Lung,Lung,0.68072300,True,NORMAL,0.25000000,Bowel,Bowel,Bowel
CASE_089,ACH-000857,CAL-85-1,Breast,Lung,0.72368200,False,NORMAL,0.65000000,Ovary/Fallopian Tube,Breast,Skin
CASE_090,ACH-000868,HCC-1195,Lung,Lung,0.99964600,True,HARD,0.75000000,Bowel,Breast,Lung
CASE_091,ACH-000872,HCC515,Lung,Lung,0.99988500,True,NORMAL,0.45000000,Lung,Breast,Lung
CASE_092,ACH-000873,KYSE-270,Esophagus/Stomach,Lung,0.61920800,False,HARD,0.90000000,Bowel,Bowel,Lung
CASE_093,ACH-000911,NUGC-3,Esophagus/Stomach,Lung,0.95325600,False,ANOMALY,1.00000000,Esophagus/Stomach,Skin,Lung
CASE_094,ACH-000919,IM95,Esophagus/Stomach,Esophagus/Stomach,0.89992900,True,NORMAL,0.60000000,Ovary/Fallopian Tube,Bowel,Esophagus/Stomach
CASE_095,ACH-000929,NCI-H2110,Lung,Lung,0.99992300,True,EASY,0.00000000,Breast,Breast,Ovary/Fallopian Tube
CASE_096,ACH-000935,MDST8,Bowel,Skin,0.75875900,False,HARD,0.75000000,CNS/Brain,CNS/Brain,CNS/Brain
CASE_097,ACH-000936,EFO-27,Ovary/Fallopian Tube,Ovary/Fallopian Tube,0.72883000,True,HARD,1.00000000,Bone,Ovary/Fallopian Tube,Ovary/Fallopian Tube
CASE_098,ACH-000943,RKO,Bowel,Esophagus/Stomach,0.68487100,False,NORMAL,0.25000000,Bowel,Bowel,CNS/Brain
CASE_099,ACH-000947,OVK18,Ovary/Fallopian Tube,Lung,0.33980500,False,HARD,0.80000000,CNS/Brain,CNS/Brain,Lung
CASE_100,ACH-000949,TGBC11TKB,Esophagus/Stomach,Bowel,0.81425200,False,ANOMALY,0.45000000,Bowel,Bowel,Bowel
CASE_101,ACH-000958,SW48,Bowel,Bowel,0.92735200,True,NORMAL,0.60000000,Skin,Bowel,Bowel
CASE_102,ACH-000967,SNU-C2A,Bowel,Bowel,0.43025000,True,NORMAL,0.40000000,Breast,Breast,Lung
CASE_103,ACH-000985,LS411N,Bowel,Bowel,0.97613600,True,NORMAL,0.25000000,Bowel,Bowel,Bowel
CASE_104,ACH-000987,MeWo,Skin,Skin,0.99998000,True,EASY,0.00000000,Skin,Skin,Skin
CASE_105,ACH-001030,CHLA-218,Bone,Bone,0.99989000,True,NORMAL,0.45000000,Bone,Bone,Bone
CASE_106,ACH-001032,CHLA-32,Bone,Bone,0.99990100,True,EASY,0.10000000,Bone,Bone,Bone
CASE_107,ACH-001035,CHLA-99,Bone,Bone,0.99995200,True,EASY,0.10000000,Bone,Bone,Bone
CASE_108,ACH-001046,COR-L26,Lung,Bowel,0.51255900,False,HARD,0.75000000,Skin,Ovary/Fallopian Tube,Bowel
CASE_109,ACH-001054,D458,CNS/Brain,CNS/Brain,0.99919700,True,NORMAL,0.70000000,CNS/Brain,Bone,CNS/Brain
CASE_110,ACH-001061,DLD-1,Bowel,Bowel,0.99997300,True,NORMAL,0.25000000,Bowel,Bowel,Bowel
CASE_111,ACH-001113,LC-1/sq-SF,Lung,Lung,0.92801100,True,NORMAL,0.30000000,Esophagus/Stomach,Esophagus/Stomach,Lung
CASE_112,ACH-001275,SYO-1,Bone,Bone,0.85910900,True,HARD,0.75000000,CNS/Brain,Bone,Ovary/Fallopian Tube
CASE_113,ACH-001340,COV413A,Ovary/Fallopian Tube,Ovary/Fallopian Tube,0.99962900,True,NORMAL,0.55000000,Ovary/Fallopian Tube,Ovary/Fallopian Tube,Ovary/Fallopian Tube
CASE_114,ACH-001373,OV17R,Ovary/Fallopian Tube,Ovary/Fallopian Tube,0.99864100,True,NORMAL,0.55000000,Ovary/Fallopian Tube,Ovary/Fallopian Tube,Ovary/Fallopian Tube
CASE_115,ACH-001374,PA-1 [PA1],Ovary/Fallopian Tube,CNS/Brain,0.97213400,False,ANOMALY,0.85000000,Skin,Skin,Lung
CASE_116,ACH-001388,SUM-102PT,Breast,Esophagus/Stomach,0.76658900,False,EASY,0.00000000,Breast,Breast,Esophagus/Stomach
CASE_117,ACH-001393,SUM-190PT,Breast,Breast,0.99989900,True,EASY,0.00000000,Breast,Breast,Breast
CASE_118,ACH-001399,SW 626,Bowel,Bowel,0.99985900,True,NORMAL,0.25000000,Bowel,Bowel,Bowel
CASE_119,ACH-001403,TO14,Ovary/Fallopian Tube,Ovary/Fallopian Tube,0.96590700,True,EASY,0.00000000,Ovary/Fallopian Tube,Ovary/Fallopian Tube,Esophagus/Stomach
CASE_120,ACH-001458,C75,Bowel,Bowel,0.99932400,True,EASY,0.00000000,Bowel,Bowel,Bowel
CASE_121,ACH-001500,FLO-1,Esophagus/Stomach,Esophagus/Stomach,0.98819500,True,HARD,1.00000000,CNS/Brain,Bone,Lung
CASE_122,ACH-001523,HSC-1,Skin,Skin,0.73200200,True,HARD,1.00000000,Breast,Ovary/Fallopian Tube,Skin
CASE_123,ACH-001552,MCC26,Skin,Bone,0.85235000,False,ANOMALY,0.65000000,Bone,Bone,Lung
CASE_124,ACH-001566,MM370,Skin,Skin,0.99999800,True,NORMAL,0.45000000,Skin,Skin,Skin
CASE_125,ACH-001608,NP 2,CNS/Brain,CNS/Brain,0.99873700,True,NORMAL,0.50000000,CNS/Brain,CNS/Brain,CNS/Brain
CASE_126,ACH-001632,PEO4,Ovary/Fallopian Tube,Ovary/Fallopian Tube,0.98611000,True,EASY,0.15000000,Breast,Breast,Breast
CASE_127,ACH-001662,SNU-2372,Breast,Breast,0.99691400,True,EASY,0.15000000,Breast,Breast,Breast
CASE_128,ACH-001670,TASK1,CNS/Brain,Bone,0.99982100,False,ANOMALY,0.10000000,Bone,Bone,Bone
CASE_129,ACH-001712,Hs 860.T,Bone,Bone,0.99263700,True,NORMAL,0.40000000,Bone,Bone,Bone
CASE_130,ACH-001719,OCI-C4P,Ovary/Fallopian Tube,Ovary/Fallopian Tube,0.99907600,True,NORMAL,0.55000000,Ovary/Fallopian Tube,Ovary/Fallopian Tube,Esophagus/Stomach
CASE_131,ACH-001819,MFM-223,Breast,Breast,0.99974800,True,EASY,0.00000000,Breast,Breast,Breast
CASE_132,ACH-001820,COLO 824,Breast,Breast,0.97990600,True,HARD,0.85000000,Skin,Skin,Lung
CASE_133,ACH-001973,MM485,Skin,Skin,1.00000000,True,EASY,0.00000000,Skin,Skin,Skin
CASE_134,ACH-001982,NZM3,Skin,Skin,0.99999500,True,EASY,0.00000000,Skin,Skin,Skin
CASE_135,ACH-001983,NZM30,Skin,Skin,0.99999300,True,EASY,0.00000000,Skin,Skin,Skin
CASE_136,ACH-001986,NZM42,Skin,Skin,0.99998400,True,EASY,0.00000000,Skin,Skin,Skin
CASE_137,ACH-002003,A-375_DAB_R,Skin,Skin,0.99999400,True,EASY,0.00000000,Skin,Skin,Skin
CASE_138,ACH-002005,SK-MEL-19,Skin,Skin,0.99999800,True,EASY,0.00000000,Skin,Skin,Skin
CASE_139,ACH-002067,NOS-1,Bone,Bone,0.99965200,True,EASY,0.15000000,Bone,Bone,Bone
CASE_140,ACH-002077,Lu-165,Lung,Lung,0.99989400,True,HARD,0.75000000,Breast,Bone,Lung
CASE_141,ACH-002084,MMAc,Skin,Skin,1.00000000,True,EASY,0.00000000,Skin,Skin,Skin
CASE_142,ACH-002409,CCLF_NEURO_0006_T,CNS/Brain,CNS/Brain,0.99882100,True,NORMAL,0.70000000,Bone,Bone,Skin
CASE_143,ACH-002499,UACC-3199,Breast,Breast,0.98962100,True,HARD,0.75000000,Bowel,Ovary/Fallopian Tube,Ovary/Fallopian Tube
CASE_144,ACH-002510,M040416,Skin,Skin,1.00000000,True,EASY,0.00000000,Skin,Skin,Skin
CASE_145,ACH-002512,MM160113,Skin,Skin,0.99999700,True,EASY,0.00000000,Skin,Skin,Skin
CASE_146,ACH-002531,SNU-2535,Lung,Lung,0.63309200,True,NORMAL,0.60000000,Breast,Bowel,Breast
CASE_147,ACH-002532,SNU-1411,Bowel,Bowel,0.89620600,True,EASY,0.00000000,Bowel,Bowel,Bowel
CASE_148,ACH-002659,JVE-127,Bowel,Bowel,0.99531600,True,EASY,0.00000000,Bowel,Bowel,Esophagus/Stomach
CASE_149,ACH-002662,JVE-207,Bowel,Bowel,0.99992600,True,EASY,0.00000000,Bowel,Bowel,Bowel
CASE_150,ACH-002689,OS525,Bone,Bone,0.99992500,True,EASY,0.10000000,Bone,Bone,Bone
CASE_151,ACH-002690,OS526,Bone,Bone,0.99730900,True,HARD,0.95000000,Bowel,Bone,Bone
CASE_152,ACH-002705,IS076P,Esophagus/Stomach,Esophagus/Stomach,0.97575700,True,NORMAL,0.50000000,Bowel,Bowel,Esophagus/Stomach
CASE_153,ACH-002846,YUSEEP-M 16-3517,Skin,Skin,0.99999900,True,EASY,0.00000000,Skin,Skin,Skin
CASE_154,ACH-002886,VACO 432,Bowel,Bowel,0.99124400,True,EASY,0.00000000,Bowel,Bowel,Bowel
CASE_155,ACH-003061,NCI-H774,Lung,Lung,0.99954300,True,NORMAL,0.70000000,Bone,Bone,Lung
CASE_156,ACH-003065,CHLA-02-ATRT,CNS/Brain,CNS/Brain,0.99996200,True,NORMAL,0.60000000,Skin,Skin,Ovary/Fallopian Tube
CASE_157,ACH-003176,NRH-GCT1,Bone,Bone,0.76184500,True,NORMAL,0.50000000,Bone,Bone,Bone
CASE_158,ACH-003226,U-CH11-R,Bone,Bone,0.96866800,True,HARD,0.75000000,Breast,Breast,Bone
CASE_159,ACH-003410,U-CHCF365,Bone,CNS/Brain,0.92876000,False,ANOMALY,0.80000000,Ovary/Fallopian Tube,Bone,Bowel
CASE_160,ACH-003426,CCLF_NEURO_0046_T,Esophagus/Stomach,Bone,0.55903900,False,NORMAL,0.35000000,Bone,Bone,Lung
CASE_161,ACH-003456,CCLF_MELM_0006_T,Skin,Bone,0.92787100,False,ANOMALY,0.75000000,Bowel,Bone,Bone
CASE_162,ACH-003457,CCLF_MELM_0038_T,Skin,Skin,0.99981600,True,NORMAL,0.15000000,Skin,Skin,Skin
