Metric,Value
CandidateGenes,160
TotalTestCases,162
TotalClues,810
OriginalHighPercentage,93.45679
OriginalLowPercentage,6.5432099
RebalancedHighPercentage,89.382716
RebalancedLowPercentage,10.617284
RebalancedNormalPercentage,0
MixedDirectionCasePercentage,40.740741
InitialMixedDirectionPercentage,29.012346
AllHighCasePercentage,59.259259
AllLowCasePercentage,0
InitialTop1ClearWinnerPercentage,34.567901
AfterScanTop1ClearWinnerPercentage,25.308642
InitialHighPercentage,81.790123
InitialLowPercentage,18.209877
InitialNormalPercentage,0
GeneScanHighPercentage,94.444444
GeneScanLowPercentage,5.5555556
GeneScanNormalPercentage,0
InitialTop1RatioMedian,2.0810486
InitialTop1RatioQ25,1.3413289
InitialTop1RatioQ75,15.964925
InitialBarGap0Percentage,14.197531
InitialBarGap1Percentage,24.074074
InitialBarGap2Percentage,14.197531
InitialBarGap3Percentage,12.962963
InitialBarGap4Percentage,34.567901
AfterScanTop1RatioMedian,2.3116567
AfterScanTop1RatioQ25,1.4646798
AfterScanTop1RatioQ75,8.3772549
AfterScanBarGap0Percentage,11.728395
AfterScanBarGap1Percentage,21.604938
AfterScanBarGap2Percentage,21.604938
AfterScanBarGap3Percentage,19.753086
AfterScanBarGap4Percentage,25.308642
