GeneColumn,GeneSymbol,EntrezID,SourceClasses,Orientation,MaxPositiveClassZ,MinNegativeClassZ,MaxAbsClassZ
SOX17 (64321),SOX17,64321,Ovary/Fallopian Tube,HIGH,2.3263409,-0.28574728,2.3263409
CDX1 (1044),CDX1,1044,Bowel,HIGH,2.1681085,-0.31548726,2.1681085
CLDN16 (10686),CLDN16,10686,Ovary/Fallopian Tube,HIGH,2.1245352,-0.32211921,2.1245352
CDX2 (1045),CDX2,1045,Bowel,HIGH,2.1228799,-0.51023094,2.1228799
PAX8 (7849),PAX8,7849,Ovary/Fallopian Tube,HIGH,2.0567943,-0.44598673,2.0567943
FGF18 (8817),FGF18,8817,Ovary/Fallopian Tube,HIGH,2.0369195,-0.42663948,2.0369195
BCL2L14 (79370),BCL2L14,79370,Bowel,HIGH,2.0299828,-0.43691051,2.0299828
KRT20 (54474),KRT20,54474,Bowel,HIGH,2.026455,-0.38274516,2.026455
GPA33 (10223),GPA33,10223,Bowel,HIGH,2.0259268,-0.35323806,2.0259268
RHEX (440712),RHEX,440712,Ovary/Fallopian Tube,HIGH,2.0171089,-0.24755876,2.0171089
PHGR1 (644844),PHGR1,644844,Bowel,HIGH,2.0117553,-0.40860004,2.0117553
GPR35 (2859),GPR35,2859,Bowel,HIGH,2.0014756,-0.57259266,2.0014756
EPS8L3 (79574),EPS8L3,79574,Bowel,HIGH,1.9852873,-0.44800767,1.9852873
HNF4A (3172),HNF4A,3172,Bowel,HIGH,1.9837067,-0.44348994,1.9837067
CDH17 (1015),CDH17,1015,Bowel,HIGH,1.967921,-0.41590556,1.967921
SOX10 (6663),SOX10,6663,Skin,HIGH,1.9643188,-0.40080084,1.9643188
GDF6 (392255),GDF6,392255,Bone,HIGH,1.9584395,-0.41039079,1.9584395
PHOSPHO1 (162466),PHOSPHO1,162466,Bone,HIGH,1.9435196,-0.26897378,1.9435196
CD248 (57124),CD248,57124,Bone,HIGH,1.9215292,-0.38008952,1.9215292
PLP1 (5354),PLP1,5354,Skin,HIGH,1.913134,-0.4285582,1.913134
FCRLA (84824),FCRLA,84824,Skin,HIGH,1.9020553,-0.43477622,1.9020553
ABCC11 (85320),ABCC11,85320,Breast,HIGH,1.8996148,-0.33015386,1.8996148
EDNRB (1910),EDNRB,1910,Skin,HIGH,1.8818132,-0.41484045,1.8818132
S100B (6285),S100B,6285,Skin,HIGH,1.8818107,-0.41707824,1.8818107
SPDEF (25803),SPDEF,25803,Breast,HIGH,1.8328517,-0.49224489,1.8328517
ALDH3B2 (222),ALDH3B2,222,Breast,HIGH,1.8297711,-0.5244813,1.8297711
ZNF304 (57343),ZNF304,57343,Bowel,LOW,0.43578165,-1.8227794,1.8227794
MUCL1 (118430),MUCL1,118430,Breast,HIGH,1.8214449,-0.31854371,1.8214449
ESR1 (2099),ESR1,2099,Breast,HIGH,1.8188413,-0.3660893,1.8188413
QKI (9444),QKI,9444,Bowel,LOW,0.67897639,-1.8172333,1.8172333
LDB2 (9079),LDB2,9079,Bone,HIGH,1.8164857,-0.4356393,1.8164857
CALML5 (51806),CALML5,51806,Breast,HIGH,1.8152604,-0.31602415,1.8152604
UGT3A2 (167127),UGT3A2,167127,Bone,HIGH,1.8093683,-0.32557668,1.8093683
TRIM51 (84767),TRIM51,84767,Skin,HIGH,1.7995796,-0.32869347,1.7995796
LIPI (149998),LIPI,149998,Bone,HIGH,1.7833162,-0.2019652,1.7833162
HSD17B11 (51170),HSD17B11,51170,Breast,LOW,0.62330807,-1.7822744,1.7822744
ROPN1 (54763),ROPN1,54763,Skin,HIGH,1.7783154,-0.39190191,1.7783154
ROPN1B (152015),ROPN1B,152015,Skin,HIGH,1.77317,-0.42357005,1.77317
TYR (7299),TYR,7299,Skin,HIGH,1.771586,-0.32846386,1.771586
ADRA1D (146),ADRA1D,146,Bone,HIGH,1.7709657,-0.29532109,1.7709657
GAS7 (8522),GAS7,8522,Skin,HIGH,1.7637013,-0.41697668,1.7637013
PRLR (5618),PRLR,5618,Breast,HIGH,1.7619328,-0.38346046,1.7619328
ZNF512B (57473),ZNF512B,57473,Bowel,LOW,0.50540224,-1.7467267,1.7467267
ALPL (249),ALPL,249,Bone,HIGH,1.7357912,-0.45019572,1.7357912
LYPLAL1 (127018),LYPLAL1,127018,Ovary/Fallopian Tube,LOW,0.37965461,-1.7352754,1.7352754
PDE1B (5153),PDE1B,5153,Bone,HIGH,1.7199238,-0.26885759,1.7199238
GATA3 (2625),GATA3,2625,Breast,HIGH,1.7108371,-0.39012876,1.7108371
RAPGEF3 (10411),RAPGEF3,10411,Ovary/Fallopian Tube,HIGH,1.7053632,-0.44848232,1.7053632
SPON1 (10418),SPON1,10418,Ovary/Fallopian Tube,HIGH,1.7051016,-0.40376326,1.7051016
ADGRA2 (25960),ADGRA2,25960,Bone,HIGH,1.7018662,-0.73586848,1.7018662
SPINK8 (646424),SPINK8,646424,Breast,HIGH,1.6918245,-0.18644367,1.6918245
KCNJ16 (3773),KCNJ16,3773,Ovary/Fallopian Tube,HIGH,1.6758292,-0.2612509,1.6758292
CYP4B1 (1580),CYP4B1,1580,Breast,HIGH,1.6536975,-0.47120081,1.6536975
RAB34 (83871),RAB34,83871,Bowel,LOW,0.62965287,-1.6503034,1.6503034
SPART (23111),SPART,23111,Bowel,LOW,0.82951537,-1.6460305,1.6460305
C2orf74 (339804),C2orf74,339804,Bowel,LOW,0.58929512,-1.6244501,1.6244501
TCEA2 (6919),TCEA2,6919,Bowel,LOW,0.48567227,-1.6098703,1.6098703
NR3C1 (2908),NR3C1,2908,Bowel,LOW,0.63035182,-1.6048458,1.6048458
SRGAP2C (653464),SRGAP2C,653464,Bowel,LOW,0.68014614,-1.5947427,1.5947427
FERMT2 (10979),FERMT2,10979,Bowel,LOW,0.67606518,-1.5793693,1.5793693
WNT7A (7476),WNT7A,7476,Ovary/Fallopian Tube,HIGH,1.5762405,-0.37150226,1.5762405
DCDC2 (51473),DCDC2,51473,Ovary/Fallopian Tube,HIGH,1.5729497,-0.55570846,1.5729497
PTER (9317),PTER,9317,CNS/Brain,LOW,0.54553874,-1.5557775,1.5557775
GSTP1 (2950),GSTP1,2950,Breast,LOW,0.3803646,-1.5068511,1.5068511
IGF2BP3 (10643),IGF2BP3,10643,Breast,LOW,0.50142933,-1.5032564,1.5032564
LDHB (3945),LDHB,3945,Breast,LOW,0.393413,-1.4631029,1.4631029
TES (26136),TES,26136,CNS/Brain,LOW,0.5647639,-1.4522485,1.4522485
ADGRG1 (9289),ADGRG1,9289,Bone,LOW,0.63029447,-1.4494511,1.4494511
VRK2 (7444),VRK2,7444,CNS/Brain,LOW,0.40218925,-1.4449619,1.4449619
SUOX (6821),SUOX,6821,Bone,LOW,0.37895805,-1.3969081,1.3969081
TMEM62 (80021),TMEM62,80021,Bone,LOW,0.81444719,-1.3902949,1.3902949
ECHDC1 (55862),ECHDC1,55862,Breast,LOW,0.3921418,-1.3899297,1.3899297
P4HTM (54681),P4HTM,54681,Skin,LOW,0.57768641,-1.3863814,1.3863814
LTBR (4055),LTBR,4055,CNS/Brain,LOW,0.47737298,-1.3816111,1.3816111
F11R (50848),F11R,50848,Bone,LOW,0.66216491,-1.3739241,1.3739241
TCEAL9 (51186),TCEAL9,51186,Breast,LOW,0.62471385,-1.3714863,1.3714863
RAB11FIP1 (80223),RAB11FIP1,80223,CNS/Brain,LOW,0.93543102,-1.3564708,1.3564708
CYP2S1 (29785),CYP2S1,29785,Esophagus/Stomach,HIGH,1.3365119,-0.70496505,1.3365119
CCDC82 (79780),CCDC82,79780,Breast,LOW,0.46895012,-1.326951,1.326951
FOXG1 (2290),FOXG1,2290,CNS/Brain,HIGH,1.3182121,-0.55939625,1.3182121
FAM83H (286077),FAM83H,286077,CNS/Brain,LOW,0.82553046,-1.3172707,1.3172707
THY1 (7070),THY1,7070,CNS/Brain,HIGH,1.3119527,-0.67914178,1.3119527
ACSL4 (2182),ACSL4,2182,Breast,LOW,0.74687436,-1.309453,1.309453
PARP4 (143),PARP4,143,Breast,LOW,0.6974688,-1.3083862,1.3083862
ARHGAP27 (201176),ARHGAP27,201176,Bone,LOW,1.1629585,-1.2897242,1.2897242
PAWR (5074),PAWR,5074,Skin,LOW,0.50401318,-1.2825301,1.2825301
PITX1 (5307),PITX1,5307,Skin,LOW,0.71450229,-1.2762413,1.2762413
LRRC17 (10234),LRRC17,10234,CNS/Brain,HIGH,1.2737278,-0.56330998,1.2737278
DOCK9 (23348),DOCK9,23348,Bone,LOW,0.51193332,-1.2726999,1.2726999
PERP (64065),PERP,64065,Bone,LOW,0.83310139,-1.2698765,1.2698765
VAMP8 (8673),VAMP8,8673,Bone,LOW,0.77337782,-1.2695632,1.2695632
TUBA4A (7277),TUBA4A,7277,Skin,LOW,0.49192847,-1.2660609,1.2660609
PDGFRB (5159),PDGFRB,5159,CNS/Brain,HIGH,1.2658402,-0.50340562,1.2658402
OCLN (100506658),OCLN,100506658,Skin,LOW,0.89997951,-1.2641401,1.2641401
RPP25 (54913),RPP25,54913,CNS/Brain,LOW,0.65391391,-1.2631056,1.2631056
NUDT16 (131870),NUDT16,131870,Bone,LOW,0.15091502,-1.2505971,1.2505971
LAYN (143903),LAYN,143903,CNS/Brain,HIGH,1.2490079,-0.71833215,1.2490079
SIGIRR (59307),SIGIRR,59307,CNS/Brain,LOW,0.71664207,-1.2442244,1.2442244
CD24 (100133941),CD24,100133941,Skin,LOW,0.66727584,-1.2439654,1.2439654
PTN (5764),PTN,5764,CNS/Brain,HIGH,1.2412162,-0.62960371,1.2412162
TSPAN3 (10099),TSPAN3,10099,Breast,LOW,0.46118435,-1.2362689,1.2362689
DNAH14 (127602),DNAH14,127602,CNS/Brain,LOW,0.52039648,-1.2304552,1.2304552
ERBB3 (2065),ERBB3,2065,Bone,LOW,0.89977415,-1.2297015,1.2297015
HTATIP2 (10553),HTATIP2,10553,CNS/Brain,LOW,0.55198892,-1.2286591,1.2286591
TCEAL7 (56849),TCEAL7,56849,CNS/Brain,HIGH,1.2271014,-0.41712782,1.2271014
SLC38A1 (81539),SLC38A1,81539,Skin,LOW,0.42696988,-1.2049199,1.2049199
ELOVL5 (60481),ELOVL5,60481,Esophagus/Stomach,LOW,0.48251302,-1.2002071,1.2002071
SPINT2 (10653),SPINT2,10653,Skin,LOW,0.79653981,-1.198875,1.198875
OCIAD2 (132299),OCIAD2,132299,Skin,LOW,0.48065953,-1.1961287,1.1961287
MEST (4232),MEST,4232,Skin,LOW,0.44441363,-1.1896062,1.1896062
TICAM2 (353376),TICAM2,353376,CNS/Brain,HIGH,1.1866639,-0.62140882,1.1866639
IFFO1 (25900),IFFO1,25900,CNS/Brain,HIGH,1.1680104,-0.73110524,1.1680104
GLIPR2 (152007),GLIPR2,152007,CNS/Brain,HIGH,1.163198,-0.73965811,1.163198
ZNF71 (58491),ZNF71,58491,Esophagus/Stomach,LOW,0.47188677,-1.1222076,1.1222076
SNRPN (6638),SNRPN,6638,Esophagus/Stomach,LOW,0.47030781,-1.1118212,1.1118212
MAGED1 (9500),MAGED1,9500,Esophagus/Stomach,LOW,1.0761118,-1.0103023,1.0761118
TMEM101 (84336),TMEM101,84336,Ovary/Fallopian Tube,LOW,0.51797237,-1.0751646,1.0751646
ONECUT3 (390874),ONECUT3,390874,Esophagus/Stomach,HIGH,1.0647193,-0.29379954,1.0647193
PLEKHA4 (57664),PLEKHA4,57664,Lung,LOW,1.0448346,-0.69235297,1.0448346
SNURF (8926),SNURF,8926,Esophagus/Stomach,LOW,0.42611106,-1.0445514,1.0445514
ZNF703 (80139),ZNF703,80139,Lung,LOW,1.0317968,-0.63784542,1.0317968
ZNF470 (388566),ZNF470,388566,Esophagus/Stomach,LOW,0.50838195,-1.0295426,1.0295426
MYEF2 (50804),MYEF2,50804,Esophagus/Stomach,LOW,0.45394253,-1.0281409,1.0281409
ZFP28 (140612),ZFP28,140612,Esophagus/Stomach,LOW,0.59422768,-1.0254938,1.0254938
ZFP82 (284406),ZFP82,284406,Esophagus/Stomach,LOW,0.70934307,-1.025458,1.025458
HDX (139324),HDX,139324,Esophagus/Stomach,LOW,0.62104372,-1.0179471,1.0179471
KRT13 (3860),KRT13,3860,Esophagus/Stomach,HIGH,1.0175584,-0.4765018,1.0175584
CILK1 (22858),CILK1,22858,Ovary/Fallopian Tube,LOW,0.62718214,-1.0092815,1.0092815
KRT17 (3872),KRT17,3872,Esophagus/Stomach,HIGH,1.0023875,-0.42298583,1.0023875
CRTAP (10491),CRTAP,10491,Lung,LOW,0.98857234,-0.63624558,0.98857234
UQCRH (7388),UQCRH,7388,Ovary/Fallopian Tube,LOW,0.26683151,-0.98476611,0.98476611
MRM2 (29960),MRM2,29960,Ovary/Fallopian Tube,LOW,0.2353865,-0.96263878,0.96263878
MLX (6945),MLX,6945,Ovary/Fallopian Tube,LOW,0.51390337,-0.95880462,0.95880462
HCAR2 (338442),HCAR2,338442,Esophagus/Stomach,HIGH,0.95054274,-0.3744871,0.95054274
OR11H7 (390441),OR11H7,390441,Esophagus/Stomach,HIGH,0.94976355,-0.40555752,0.94976355
CARD18 (59082),CARD18,59082,Esophagus/Stomach,HIGH,0.94624185,-0.31295415,0.94624185
GAST (2520),GAST,2520,Esophagus/Stomach,HIGH,0.94604083,-0.35201122,0.94604083
NKX6-3 (157848),NKX6-3,157848,Esophagus/Stomach,HIGH,0.94479895,-0.20844223,0.94479895
GJB6 (10804),GJB6,10804,Esophagus/Stomach,HIGH,0.94135917,-0.34623893,0.94135917
GLI3 (2737),GLI3,2737,Lung,LOW,0.83223713,-0.91899062,0.91899062
NKX2-1 (7080),NKX2-1,7080,Lung,HIGH,0.90923268,-0.46069143,0.90923268
TRIM4 (89122),TRIM4,89122,Ovary/Fallopian Tube,LOW,0.25590091,-0.89032371,0.89032371
LGSN (51557),LGSN,51557,Lung,HIGH,0.88226179,-0.37038269,0.88226179
AVL9 (23080),AVL9,23080,Ovary/Fallopian Tube,LOW,0.43448981,-0.87369804,0.87369804
CBR3 (874),CBR3,874,Ovary/Fallopian Tube,LOW,0.8732566,-0.858179,0.8732566
SNX13 (23161),SNX13,23161,Ovary/Fallopian Tube,LOW,0.36117564,-0.86864214,0.86864214
NFIX (4784),NFIX,4784,Lung,LOW,0.86652135,-0.5941917,0.86652135
OAF (220323),OAF,220323,Lung,LOW,0.86037513,-0.67237313,0.86037513
CELF4 (56853),CELF4,56853,Lung,HIGH,0.85834657,-0.41824116,0.85834657
KIAA0319 (9856),KIAA0319,9856,Lung,HIGH,0.85739252,-0.58121279,0.85739252
SPTB (6710),SPTB,6710,Lung,HIGH,0.820333,-0.49966719,0.820333
INA (9118),INA,9118,Lung,HIGH,0.80854099,-0.60931074,0.80854099
VWDE (221806),VWDE,221806,Lung,HIGH,0.78017293,-0.70482474,0.78017293
MCF2L2 (23101),MCF2L2,23101,Lung,HIGH,0.77458785,-0.70103358,0.77458785
NOL4 (8715),NOL4,8715,Lung,HIGH,0.75713338,-0.3830888,0.75713338
MTMR7 (9108),MTMR7,9108,Lung,HIGH,0.75046007,-0.42319048,0.75046007
HLA-E (3133),HLA-E,3133,Lung,LOW,0.6880115,-0.63965592,0.6880115
TIMP1 (7076),TIMP1,7076,Lung,LOW,0.65203115,-0.59695584,0.65203115
GLB1 (2720),GLB1,2720,Lung,LOW,0.60950185,-0.5976865,0.60950185
TRIP6 (7205),TRIP6,7205,Lung,LOW,0.59548209,-0.60438132,0.60438132
