GeneColumn,GeneSymbol,EntrezID,SourceClasses,MaxAbsCoefficient,MaxPositiveCoefficient
LYPLAL1 (127018),LYPLAL1,127018,Lung,0.16137517,0.11163942
SOX17 (64321),SOX17,64321,Ovary/Fallopian Tube,0.15129001,0.15129001
HOXA9 (3205),HOXA9,3205,Bone|Bowel,0.13814924,0.13814924
LGSN (51557),LGSN,51557,Lung,0.13384470,0.13384470
TMEM101 (84336),TMEM101,84336,Lung,0.13234228,0.08766734
RANBP17 (64901),RANBP17,64901,Lung,0.12569505,0.12569505
ELOVL5 (60481),ELOVL5,60481,Bowel,0.12211926,0.07003177
LRRN4 (164312),LRRN4,164312,Ovary/Fallopian Tube,0.12160409,0.12160409
TFPT (29844),TFPT,29844,Skin,0.12113122,0.08020236
INA (9118),INA,9118,Lung,0.11557426,0.11557426
CCL28 (56477),CCL28,56477,Bone,0.11500069,0.07721187
PAX8 (7849),PAX8,7849,Ovary/Fallopian Tube,0.11415599,0.11415599
GRIN2B (2904),GRIN2B,2904,Bowel|Ovary/Fallopian Tube,0.11325681,0.11325681
FOXG1 (2290),FOXG1,2290,CNS/Brain,0.11272753,0.11272753
FOXA1 (3169),FOXA1,3169,Lung,0.11199716,0.11199716
ALPL (249),ALPL,249,Bone,0.11047807,0.11047807
HOXC10 (3226),HOXC10,3226,Esophagus/Stomach,0.10849050,0.10849050
KLHL14 (57565),KLHL14,57565,Ovary/Fallopian Tube,0.10615320,0.10615320
KCNJ16 (3773),KCNJ16,3773,Ovary/Fallopian Tube,0.10418355,0.10418355
RAPGEF3 (10411),RAPGEF3,10411,Ovary/Fallopian Tube,0.10077841,0.10077841
MARVELD1 (83742),MARVELD1,83742,Lung,0.09954236,0.09954236
FEZ1 (9638),FEZ1,9638,Lung,0.09851206,0.09851206
CALML5 (51806),CALML5,51806,Breast,0.09841599,0.09841599
CLDN16 (10686),CLDN16,10686,Ovary/Fallopian Tube,0.09804182,0.09804182
SERPINA3 (12),SERPINA3,12,Breast,0.09664354,0.09664354
HOXD8 (3234),HOXD8,3234,Skin,0.09522219,0.08931877
ZDHHC23 (254887),ZDHHC23,254887,Lung,0.09431476,0.09431476
TIMMDC1 (51300),TIMMDC1,51300,Skin,0.09375500,0.09375500
TBX15 (6913),TBX15,6913,Bone,0.09360831,0.09360831
DYNC2H1 (79659),DYNC2H1,79659,Esophagus/Stomach,0.09300324,0.09300324
NTNG1 (22854),NTNG1,22854,Bone|Ovary/Fallopian Tube,0.09206795,0.09206795
IL1R2 (7850),IL1R2,7850,Ovary/Fallopian Tube,0.09203243,0.09203243
MGP (4256),MGP,4256,Breast,0.09099945,0.09099945
TNF (7124),TNF,7124,Ovary/Fallopian Tube,0.09065183,0.09065183
ZNF331 (55422),ZNF331,55422,Lung,0.09047692,0.09047692
DNAH14 (127602),DNAH14,127602,Breast,0.08981376,0.06458855
CYP4B1 (1580),CYP4B1,1580,Breast,0.08894372,0.08894372
DCAF12L1 (139170),DCAF12L1,139170,Ovary/Fallopian Tube,0.08734294,0.08734294
LRRC17 (10234),LRRC17,10234,CNS/Brain,0.08696005,0.08696005
SHANK1 (50944),SHANK1,50944,Bone,0.08694018,0.05804947
MARCHF6 (10299),MARCHF6,10299,Lung,0.08691107,0.08691107
ALDH2 (217),ALDH2,217,Lung,0.08662419,0.08662419
CDH4 (1002),CDH4,1002,CNS/Brain,0.08617214,0.08617214
IFFO1 (25900),IFFO1,25900,CNS/Brain,0.08612543,0.08612543
CBR3 (874),CBR3,874,Lung,0.08582602,0.08582602
SYCP2 (10388),SYCP2,10388,Lung,0.08490638,0.08490638
SHANK2 (22941),SHANK2,22941,Esophagus/Stomach,0.08474358,0.08474358
CPAMD8 (27151),CPAMD8,27151,Lung,0.08448748,0.08448748
TRPV1 (7442),TRPV1,7442,Esophagus/Stomach,0.08436821,0.08436821
TCEAL7 (56849),TCEAL7,56849,CNS/Brain,0.08353738,0.08353738
SSC5D (284297),SSC5D,284297,CNS/Brain,0.08244357,0.06950762
PLAAT2 (54979),PLAAT2,54979,Esophagus/Stomach,0.08242898,0.08242898
LDHB (3945),LDHB,3945,Bowel,0.08219467,0.05982820
SYT8 (90019),SYT8,90019,Esophagus/Stomach,0.08146434,0.07365503
TRPS1 (7227),TRPS1,7227,Breast,0.08106688,0.08106688
APOBEC3G (60489),APOBEC3G,60489,Bowel,0.08051585,0.06196052
SEMA3F (6405),SEMA3F,6405,Ovary/Fallopian Tube,0.07985748,0.07985748
TOP6BL (79703),TOP6BL,79703,Esophagus/Stomach,0.07851288,0.07851288
CRIPTO (6997),CRIPTO,6997,Ovary/Fallopian Tube,0.07844974,0.07844974
LY6G6D (58530),LY6G6D,58530,Bowel,0.07825606,0.07825606
PPP1R13B (23368),PPP1R13B,23368,Esophagus/Stomach,0.07786311,0.07786311
FFAR4 (338557),FFAR4,338557,Bowel,0.07705697,0.07705697
CRYAB (1410),CRYAB,1410,Ovary/Fallopian Tube,0.07591021,0.07591021
SLC20A1 (6574),SLC20A1,6574,CNS/Brain,0.07507512,0.07507512
AMN (81693),AMN,81693,Esophagus/Stomach,0.07438878,0.07438878
MSC (9242),MSC,9242,Skin,0.07402634,0.07402634
ZBED2 (79413),ZBED2,79413,Bowel,0.07383703,0.07383703
SMIM29 (221491),SMIM29,221491,Breast,0.07352903,0.07352903
HOXB8 (3218),HOXB8,3218,Bowel,0.07289663,0.07289663
ABLIM1 (3983),ABLIM1,3983,Bone,0.07252391,0.07252391
STK33 (65975),STK33,65975,CNS/Brain,0.07157123,0.07157123
ARHGEF40 (55701),ARHGEF40,55701,Esophagus/Stomach,0.07018134,0.07018134
ZG16B (124220),ZG16B,124220,Breast,0.06987399,0.06987399
GYG2 (8908),GYG2,8908,Bone,0.06975091,0.06975091
LIFR (3977),LIFR,3977,Esophagus/Stomach,0.06970507,0.06970507
EDA2R (60401),EDA2R,60401,CNS/Brain,0.06967823,0.06967823
IL24 (11009),IL24,11009,Skin,0.06957840,0.06957840
EGFLAM (133584),EGFLAM,133584,Bone|Esophagus/Stomach,0.06844707,0.06844707
CACNA2D1 (781),CACNA2D1,781,Esophagus/Stomach,0.06840092,0.06840092
PDGFRA (5156),PDGFRA,5156,Esophagus/Stomach,0.06810837,0.06810837
ALX4 (60529),ALX4,60529,Bone,0.06802763,0.06802763
FBXO34 (55030),FBXO34,55030,Esophagus/Stomach,0.06780840,0.06780840
MEGF10 (84466),MEGF10,84466,Skin,0.06779199,0.06779199
PLBD1 (79887),PLBD1,79887,Breast,0.06736319,0.06736319
MPIG6B (80739),MPIG6B,80739,Bowel,0.06712475,0.06712475
RHOJ (57381),RHOJ,57381,CNS/Brain,0.06699611,0.06699611
LPAR6 (10161),LPAR6,10161,Skin,0.06695936,0.06695936
PIEZO2 (63895),PIEZO2,63895,Skin,0.06684621,0.06684621
NES (10763),NES,10763,CNS/Brain,0.06565222,0.06565222
VSTM4 (196740),VSTM4,196740,Bone,0.06548395,0.06548395
SLC43A3 (29015),SLC43A3,29015,Skin,0.06522717,0.06522717
URAD (646625),URAD,646625,Bowel,0.06509826,0.06509826
PXK (54899),PXK,54899,Breast,0.06468827,0.06264449
TRIB2 (28951),TRIB2,28951,Breast,0.06454084,0.06454084
TMEM62 (80021),TMEM62,80021,CNS/Brain,0.06403175,0.06403175
AZGP1 (563),AZGP1,563,Breast,0.06368555,0.06368555
SUSD3 (203328),SUSD3,203328,Breast,0.06360154,0.06328423
PYM1 (84305),PYM1,84305,CNS/Brain,0.06354283,0.06312735
CORO2B (10391),CORO2B,10391,CNS/Brain,0.06350510,0.06350510
GUCA2A (2980),GUCA2A,2980,Bowel,0.06343003,0.06343003
BCL2L13 (23786),BCL2L13,23786,CNS/Brain,0.06327419,0.06327419
ADPRHL1 (113622),ADPRHL1,113622,Breast,0.06280687,0.06280687
XG (7499),XG,7499,Bone,0.06228658,0.06163414
EPB41L3 (23136),EPB41L3,23136,Skin,0.06217277,0.06217277
IRX5 (10265),IRX5,10265,Breast,0.06217091,0.06217091
PROS1 (5627),PROS1,5627,Bowel,0.06149243,0.06149243
ALX1 (8092),ALX1,8092,Skin,0.06125831,0.06125831
RUBCNL (80183),RUBCNL,80183,Bowel,0.06123198,0.06123198
RHOH (399),RHOH,399,Bone,0.06114899,0.06114899
ABCB1 (5243),ABCB1,5243,Bowel,0.06110535,0.06110535
INKA1 (389119),INKA1,389119,Skin,0.06109870,0.06109870
FCMR (9214),FCMR,9214,Skin,0.06108708,0.06108708
CCDC106 (29903),CCDC106,29903,Skin,0.06024055,0.06024055
SNCA (6622),SNCA,6622,Skin,0.05890916,0.05890916
GFRA2 (2675),GFRA2,2675,Bone,0.05826894,0.05826894
CPEB1 (64506),CPEB1,64506,Bone,0.05818682,0.05818682
