ModelID,CellLineName,Phase,Gene,State,Support1,Support2,Score
ACH-000542,Hey-A8,INITIAL,SHANK1,HIGH,Bone (Strong),Skin (Weak),6.94664115
ACH-000542,Hey-A8,INITIAL,CDH4,HIGH,CNS/Brain (Strong),Bone (Weak),4.44817531
ACH-000542,Hey-A8,GENE_SCAN,SOX17,HIGH,Ovary/Fallopian Tube (Strong),Bone (Weak),11.63170468
ACH-000542,Hey-A8,GENE_SCAN,LYPLAL1,LOW,Ovary/Fallopian Tube (Strong),Bone (Weak),8.67637695
ACH-000542,Hey-A8,GENE_SCAN,TNF,HIGH,Ovary/Fallopian Tube (Strong),Breast (Weak),7.80936802
ACH-002084,MMAc,INITIAL,ZNF331,LOW,Bowel (Strong),Esophagus/Stomach (Strong),2.30534298
ACH-002084,MMAc,INITIAL,SHANK1,HIGH,Bone (Strong),Skin (Weak),2.21456962
ACH-002084,MMAc,GENE_SCAN,MEGF10,HIGH,Skin (Strong),CNS/Brain (Moderate),6.22210418
ACH-002084,MMAc,GENE_SCAN,FCMR,HIGH,Skin (Strong),Breast (Weak),2.97280509
ACH-002084,MMAc,GENE_SCAN,ALX1,HIGH,Skin (Strong),Bone (Moderate),2.55806596
ACH-000837,NCI-H322,INITIAL,LY6G6D,HIGH,Bowel (Strong),,2.82732734
ACH-000837,NCI-H322,INITIAL,RAPGEF3,HIGH,Ovary/Fallopian Tube (Strong),Breast (Moderate),2.12831249
ACH-000837,NCI-H322,GENE_SCAN,GUCA2A,HIGH,Bowel (Strong),Esophagus/Stomach (Weak),8.02515907
ACH-000837,NCI-H322,GENE_SCAN,ALPL,HIGH,Bone (Strong),Ovary/Fallopian Tube (Weak),4.20261335
ACH-000837,NCI-H322,GENE_SCAN,CYP4B1,HIGH,Breast (Strong),Esophagus/Stomach (Weak),3.04904123
ACH-000644,COLO 829,INITIAL,RUBCNL,HIGH,Bowel (Strong),Bone (Strong),2.95723071
ACH-000644,COLO 829,INITIAL,GRIN2B,HIGH,Bowel (Strong),Ovary/Fallopian Tube (Moderate),2.92565389
ACH-000644,COLO 829,GENE_SCAN,MEGF10,HIGH,Skin (Strong),CNS/Brain (Moderate),6.22210418
ACH-000644,COLO 829,GENE_SCAN,IL24,HIGH,Skin (Strong),Bone (Weak),5.29919340
ACH-000644,COLO 829,GENE_SCAN,SERPINA3,HIGH,Skin (Strong),Breast (Strong),3.51129323
ACH-000511,Calu-1,INITIAL,NTNG1,HIGH,Bone (Strong),CNS/Brain (Moderate),2.21724568
ACH-000511,Calu-1,INITIAL,SSC5D,HIGH,CNS/Brain (Strong),Skin (Weak),1.91341797
ACH-000511,Calu-1,GENE_SCAN,EGFLAM,HIGH,Bone (Strong),CNS/Brain (Weak),7.91116206
ACH-000511,Calu-1,GENE_SCAN,LRRN4,HIGH,Ovary/Fallopian Tube (Strong),Bowel (Weak),5.79375263
ACH-000511,Calu-1,GENE_SCAN,CDH4,HIGH,CNS/Brain (Strong),Bone (Weak),5.74590002
ACH-000528,ABC-1,INITIAL,CALML5,HIGH,Breast (Strong),Esophagus/Stomach (Weak),2.06037488
ACH-000528,ABC-1,INITIAL,CCDC106,LOW,Bowel (Strong),Esophagus/Stomach (Strong),1.74100232
ACH-000528,ABC-1,GENE_SCAN,LY6G6D,HIGH,Bowel (Strong),,5.24589620
ACH-000528,ABC-1,GENE_SCAN,CYP4B1,HIGH,Breast (Strong),Esophagus/Stomach (Weak),3.06339647
ACH-000528,ABC-1,GENE_SCAN,CPAMD8,HIGH,Breast (Strong),Ovary/Fallopian Tube (Moderate),2.27147689
ACH-000538,HUTU80,INITIAL,TRPS1,HIGH,Breast (Strong),Bone (Moderate),2.56088353
ACH-000538,HUTU80,INITIAL,CALML5,HIGH,Breast (Strong),Esophagus/Stomach (Weak),2.53473038
ACH-000538,HUTU80,GENE_SCAN,KCNJ16,HIGH,Ovary/Fallopian Tube (Strong),,8.37914595
ACH-000538,HUTU80,GENE_SCAN,KLHL14,HIGH,Ovary/Fallopian Tube (Strong),Lung (Weak),7.21566257
ACH-000538,HUTU80,GENE_SCAN,SNCA,HIGH,Skin (Strong),Lung (Weak),2.61077842
ACH-000642,HMEL,INITIAL,TNF,HIGH,Ovary/Fallopian Tube (Strong),Breast (Weak),6.72476834
ACH-000642,HMEL,INITIAL,EGFLAM,HIGH,Bone (Strong),CNS/Brain (Weak),6.59525502
ACH-000642,HMEL,GENE_SCAN,CALML5,HIGH,Breast (Strong),Esophagus/Stomach (Weak),9.07630217
ACH-000642,HMEL,GENE_SCAN,XG,HIGH,Bone (Strong),Breast (Weak),8.31293051
ACH-000642,HMEL,GENE_SCAN,ZBED2,HIGH,Ovary/Fallopian Tube (Strong),Bowel (Strong),7.06234947
ACH-000769,LK-2,INITIAL,SOX17,HIGH,Ovary/Fallopian Tube (Strong),Bone (Weak),6.18796180
ACH-000769,LK-2,INITIAL,ALPL,HIGH,Bone (Strong),Ovary/Fallopian Tube (Weak),3.58039960
ACH-000769,LK-2,GENE_SCAN,CRIPTO,HIGH,Bowel (Strong),Esophagus/Stomach (Weak),8.95744923
ACH-000769,LK-2,GENE_SCAN,LY6G6D,HIGH,Bowel (Strong),,8.81702443
ACH-000769,LK-2,GENE_SCAN,KLHL14,HIGH,Ovary/Fallopian Tube (Strong),Lung (Weak),7.21566257
ACH-000012,HCC-827,INITIAL,PAX8,HIGH,Ovary/Fallopian Tube (Strong),Esophagus/Stomach (Weak),2.60623645
ACH-000012,HCC-827,INITIAL,TNF,HIGH,Ovary/Fallopian Tube (Strong),Breast (Weak),1.79561010
ACH-000012,HCC-827,GENE_SCAN,EGFLAM,HIGH,Bone (Strong),CNS/Brain (Weak),7.66280746
ACH-000012,HCC-827,GENE_SCAN,LRRN4,HIGH,Ovary/Fallopian Tube (Strong),Bowel (Weak),7.33659765
ACH-000012,HCC-827,GENE_SCAN,LGSN,HIGH,Lung (Strong),,4.41130895
