mean_fit_time,std_fit_time,mean_score_time,std_score_time,param_feature_selection__k,param_model__C,param_model__class_weight,params,split0_test_accuracy,split1_test_accuracy,split2_test_accuracy,split3_test_accuracy,split4_test_accuracy,mean_test_accuracy,std_test_accuracy,rank_test_accuracy,split0_test_f1_macro,split1_test_f1_macro,split2_test_f1_macro,split3_test_f1_macro,split4_test_f1_macro,mean_test_f1_macro,std_test_f1_macro,rank_test_f1_macro,split0_test_balanced_accuracy,split1_test_balanced_accuracy,split2_test_balanced_accuracy,split3_test_balanced_accuracy,split4_test_balanced_accuracy,mean_test_balanced_accuracy,std_test_balanced_accuracy,rank_test_balanced_accuracy
1.2424028873443604,0.0501458477716705,0.13660597801208496,0.007213530713247189,2000,1.0,,"{'feature_selection__k': 2000, 'model__C': 1.0, 'model__class_weight': None}",0.8449612403100775,0.8682170542635659,0.8837209302325582,0.8837209302325582,0.8682170542635659,0.8697674418604651,0.014209537038622785,1,0.8231454625327466,0.85710916496709,0.8793749793749794,0.8691706728574715,0.8612343608985378,0.8580069281261651,0.019014557028281302,1,0.8123148909913616,0.8487621753246753,0.8644294559929235,0.857664297776527,0.8454279128379361,0.8457197465846846,0.017988615544836776,4
1.2046716690063477,0.016160018746849046,0.14129409790039063,0.008969117847327202,2000,10.0,balanced,"{'feature_selection__k': 2000, 'model__C': 10.0, 'model__class_weight': 'balanced'}",0.8294573643410853,0.8682170542635659,0.8837209302325582,0.8914728682170543,0.8527131782945736,0.8651162790697674,0.02225224820838345,3,0.8099149240453589,0.85710916496709,0.8793749793749794,0.8855164949992536,0.8486031069719151,0.8561037340717194,0.02682289258514706,2,0.8023884204031263,0.8487621753246753,0.8644294559929235,0.8776503424336242,0.8422110010732302,0.8470882790455161,0.02553203191397813,1
1.4097371578216553,0.04548405145285602,0.1349490165710449,0.007654335279391876,2000,0.1,,"{'feature_selection__k': 2000, 'model__C': 0.1, 'model__class_weight': None}",0.8449612403100775,0.8682170542635659,0.875968992248062,0.8837209302325582,0.8604651162790697,0.8666666666666666,0.013336938398515725,2,0.8270216724021072,0.8587963174400195,0.8706295581295581,0.8730860349472457,0.8504401571092631,0.8559947480056387,0.01663989866515554,3,0.8123148909913616,0.8487621753246753,0.8555008845643521,0.857664297776527,0.8323633119975999,0.8413211121309032,0.01700081252640374,7
1.1990525245666503,0.010775219396183602,0.14064497947692872,0.00925479870491837,2000,1.0,balanced,"{'feature_selection__k': 2000, 'model__C': 1.0, 'model__class_weight': 'balanced'}",0.8294573643410853,0.875968992248062,0.8837209302325582,0.8837209302325582,0.8449612403100775,0.8635658914728681,0.022252248208383455,6,0.8142603218874994,0.8653436916344525,0.8786880098499817,0.8750544701886372,0.8429542407667407,0.8552601468654624,0.02397823533159258,4,0.8085130861785274,0.859178841991342,0.8659175512310188,0.8624489867717422,0.8291464002328941,0.845040973281105,0.022475203050564423,5
1.3945053577423097,0.025181526647460345,0.13823862075805665,0.008266048409588984,2000,0.1,balanced,"{'feature_selection__k': 2000, 'model__C': 0.1, 'model__class_weight': 'balanced'}",0.8294573643410853,0.875968992248062,0.8837209302325582,0.8992248062015504,0.8372093023255814,0.8651162790697674,0.02712070648765256,3,0.8117348507973507,0.8642762445887446,0.8786880098499817,0.8844850013207011,0.8365055768879539,0.8551379366889463,0.027314309496411907,5,0.8067648344302756,0.859178841991342,0.8659175512310188,0.8803915705037997,0.8213339002328941,0.846717339677866,0.027922795916340993,2
1.4536711692810058,0.014267312105155791,0.1313237190246582,0.0046940587351661945,2000,0.01,balanced,"{'feature_selection__k': 2000, 'model__C': 0.01, 'model__class_weight': 'balanced'}",0.8449612403100775,0.875968992248062,0.8837209302325582,0.8914728682170543,0.8294573643410853,0.8651162790697674,0.02381750619494143,3,0.8281981153147295,0.862116250111677,0.8797077922077923,0.8739960932042523,0.8258344939386453,0.8539705489554192,0.022740433099180578,6,0.8218049413821473,0.859178841991342,0.8697552705292644,0.8720916596303593,0.8099702638692576,0.8465601954804741,0.025693357541233676,3
1.2045150756835938,0.010407157818273902,0.13502860069274902,0.00615424877363374,2000,10.0,,"{'feature_selection__k': 2000, 'model__C': 10.0, 'model__class_weight': None}",0.8217054263565892,0.8682170542635659,0.875968992248062,0.8914728682170543,0.8527131782945736,0.8620155038759689,0.023716369830664122,7,0.805980068554347,0.8556481620296488,0.8708399958399958,0.8823468488625948,0.8474334312077447,0.8524497012988663,0.02617961898057646,7,0.7963788050185109,0.851366341991342,0.8555008845643521,0.8728656534384089,0.8387617848482787,0.8429746939721785,0.02572827291409038,6
1.197645664215088,0.01221795324754806,0.13767809867858888,0.008546714303881335,1000,1.0,balanced,"{'feature_selection__k': 1000, 'model__C': 1.0, 'model__class_weight': 'balanced'}",0.8294573643410853,0.8604651162790697,0.875968992248062,0.8992248062015504,0.8294573643410853,0.8589147286821704,0.027031931432810376,8,0.8166663530026774,0.8471287888788799,0.8702220294325557,0.8863260054062873,0.820213572529749,0.8481113498500299,0.02726639427239519,8,0.810315970793912,0.8383455086580087,0.8530658196292872,0.8871317665822309,0.8141062932810224,0.8405930717888923,0.028088158971958634,8
1.1644766330718994,0.01734008963499439,0.13425788879394532,0.006469164283867533,1000,10.0,balanced,"{'feature_selection__k': 1000, 'model__C': 10.0, 'model__class_weight': 'balanced'}",0.8217054263565892,0.8527131782945736,0.8837209302325582,0.8992248062015504,0.8294573643410853,0.8573643410852713,0.030063130898705923,9,0.8047128897992142,0.8422660392593109,0.8794582294582295,0.8915473922066214,0.8195804591065141,0.847513001965978,0.033463808071184833,9,0.8007005861785274,0.8345576298701298,0.8644294559929235,0.8919164555774464,0.8088541924406862,0.8400916640119427,0.03416489226162842,9
1.2715256214141846,0.010787140076570048,0.13576631546020507,0.008462159689132326,1000,0.1,balanced,"{'feature_selection__k': 1000, 'model__C': 0.1, 'model__class_weight': 'balanced'}",0.8217054263565892,0.8604651162790697,0.8837209302325582,0.8914728682170543,0.8217054263565892,0.855813953488372,0.029660661193347274,10,0.8097338488870747,0.8508730119967185,0.877963734125706,0.8791015047607339,0.8067472228061288,0.8448838645152724,0.031594055151182375,10,0.8066395002056768,0.8449742965367966,0.8644294559929235,0.8805528192138099,0.7992388078253017,0.8391669759549018,0.03173956893552681,10
1.5009757995605468,0.0512994857287684,0.13206954002380372,0.0028457583970364366,2000,0.01,,"{'feature_selection__k': 2000, 'model__C': 0.01, 'model__class_weight': None}",0.8372093023255814,0.8527131782945736,0.8682170542635659,0.875968992248062,0.8449612403100775,0.855813953488372,0.014377703093791785,10,0.8197208049985001,0.8352160552603014,0.8661318306254953,0.8658615946732697,0.8336133201593727,0.8441087211433878,0.01866659187040568,11,0.8086384204031263,0.8264407467532467,0.848921937195931,0.8503113566000563,0.8113842910185789,0.8291393503941877,0.017789982084816965,15
1.206970453262329,0.022567484542396783,0.13248677253723146,0.007837447960520843,1000,1.0,,"{'feature_selection__k': 1000, 'model__C': 1.0, 'model__class_weight': None}",0.813953488372093,0.8527131782945736,0.8682170542635659,0.8992248062015504,0.8449612403100775,0.855813953488372,0.027992976876384187,10,0.7959730263762522,0.8365722158223068,0.8622897030070786,0.8863260054062873,0.835817659238297,0.8433957219700444,0.030175788585022744,12,0.7816497840394899,0.827928841991342,0.8426491529626206,0.8871317665822309,0.821459234457493,0.8321637560066353,0.03410456971777801,13
1.28684458732605,0.031059274275291,0.1328437328338623,0.007788275677711711,1000,0.1,,"{'feature_selection__k': 1000, 'model__C': 0.1, 'model__class_weight': None}",0.813953488372093,0.8527131782945736,0.8682170542635659,0.9069767441860465,0.8294573643410853,0.8542635658914728,0.032298707993797894,13,0.7959730263762522,0.8365722158223068,0.8638856930962193,0.8926865823483692,0.8187615936894956,0.8415758222665286,0.03386792059930732,13,0.7816497840394899,0.827928841991342,0.8426491529626206,0.8908082371704662,0.7987792490017722,0.8283630530331383,0.037844453156064974,16
1.297216796875,0.026928396762482484,0.1360616683959961,0.007343583660102255,1000,0.01,balanced,"{'feature_selection__k': 1000, 'model__C': 0.01, 'model__class_weight': 'balanced'}",0.813953488372093,0.8527131782945736,0.875968992248062,0.8837209302325582,0.8062015503875969,0.8465116279069766,0.03154572085174544,14,0.805267037239985,0.8377066356845768,0.8738420396029092,0.8679002060594353,0.8005298451118885,0.837049152739759,0.030494914309572393,14,0.8070990590292061,0.8370197510822511,0.8645907047029338,0.8691891828501737,0.7848473604568806,0.832549211624289,0.032595421043754826,12
1.1559885025024415,0.011700088140344268,0.13939189910888672,0.009891466818715949,500,1.0,balanced,"{'feature_selection__k': 500, 'model__C': 1.0, 'model__class_weight': 'balanced'}",0.7984496124031008,0.8527131782945736,0.8914728682170543,0.8837209302325582,0.8062015503875969,0.8465116279069766,0.038417090522058515,14,0.7782114114189036,0.8464272516101785,0.8802043765859555,0.8693481882560041,0.8034764650276984,0.8355335385797481,0.038912901488991194,15,0.7852947603866721,0.8463271103896104,0.8681059265811588,0.8651784876630078,0.7994875915493176,0.8328787753139533,0.03418856811960624,11
1.1593515872955322,0.01506442392052338,0.13530006408691406,0.0068465408815894056,1000,10.0,,"{'feature_selection__k': 1000, 'model__C': 10.0, 'model__class_weight': None}",0.7751937984496124,0.8527131782945736,0.8682170542635659,0.8914728682170543,0.8449612403100775,0.8465116279069766,0.03903776220779587,14,0.7525477580024712,0.8423030319288936,0.8649849354074706,0.8834739554954139,0.8320280142155143,0.8350675390099527,0.04496518006290844,16,0.7488160736322501,0.8345576298701298,0.8503363187380215,0.8834552959939956,0.821459234457493,0.8277249105383779,0.04456388882469209,17
1.2106360912322998,0.020923441537687236,0.13631162643432618,0.008073634367268632,500,0.1,balanced,"{'feature_selection__k': 500, 'model__C': 0.1, 'model__class_weight': 'balanced'}",0.8062015503875969,0.8449612403100775,0.8837209302325582,0.8837209302325582,0.7984496124031008,0.8434108527131782,0.03649179006492969,18,0.7913214310843955,0.8314649833530733,0.8737291513607304,0.8693481882560041,0.7958237044817927,0.8323374917071991,0.034926769977440715,17,0.7949101450020568,0.8368574134199134,0.8644294559929235,0.8651784876630078,0.7905590201207462,0.8303869044397295,0.03242245485900667,14
1.3274346828460692,0.013817803083018743,0.13465137481689454,0.00943360467083066,1000,0.01,,"{'feature_selection__k': 1000, 'model__C': 0.01, 'model__class_weight': None}",0.8062015503875969,0.8372093023255814,0.875968992248062,0.8837209302325582,0.8217054263565892,0.8449612403100775,0.030222618123438648,17,0.7874034698483228,0.8124366559030806,0.8679204421309685,0.8757840861560964,0.8141303117109568,0.8315349931498851,0.034342812639406674,18,0.7761704288358701,0.8019818722943723,0.8472725932478254,0.8655127122619383,0.7922003016333512,0.8166275816546713,0.03399071272022483,23
1.1236148357391358,0.014940379018998548,0.13379387855529784,0.006052719272581561,500,10.0,,"{'feature_selection__k': 500, 'model__C': 10.0, 'model__class_weight': None}",0.7906976744186046,0.8527131782945736,0.875968992248062,0.8837209302325582,0.8062015503875969,0.841860465116279,0.03720930232558141,19,0.766199560201655,0.8478112842442111,0.8697016539044402,0.8702125768599018,0.800483860666927,0.830881787175427,0.04110553579110101,19,0.7756793757712875,0.8472740800865801,0.8472725932478254,0.8574913218876067,0.7947029025541023,0.8244840547094805,0.032854211729799784,19
1.1836041927337646,0.016193064076832533,0.13415212631225587,0.006588168932971319,500,1.0,,"{'feature_selection__k': 500, 'model__C': 1.0, 'model__class_weight': None}",0.7906976744186046,0.8527131782945736,0.875968992248062,0.8682170542635659,0.8062015503875969,0.8387596899224805,0.03410852713178295,21,0.7739503876322373,0.8464272516101785,0.871856941856942,0.8517128653718253,0.7985802336034534,0.8285055360149274,0.036361794107857656,20,0.7774822603866721,0.8463271103896104,0.8472725932478254,0.8433981846327048,0.7947029025541023,0.821836610242183,0.029716062199220634,20
1.1453033924102782,0.021474081251058104,0.13834061622619628,0.0094831723332041,500,10.0,balanced,"{'feature_selection__k': 500, 'model__C': 10.0, 'model__class_weight': 'balanced'}",0.7829457364341085,0.8449612403100775,0.8992248062015504,0.875968992248062,0.7984496124031008,0.8403100775193797,0.044287928239025456,20,0.7555009647461874,0.8363208362863719,0.8904892768708558,0.8597097597817633,0.7948249815026132,0.8273691638375583,0.04761167314741313,21,0.7678668757712875,0.8359104437229437,0.8785225932478254,0.8538148512993714,0.7868904025541023,0.8246010333191061,0.04130312543904668,18
1.2283782482147216,0.024463384822242716,0.13381009101867675,0.008019103881156111,500,0.1,,"{'feature_selection__k': 500, 'model__C': 0.1, 'model__class_weight': None}",0.7751937984496124,0.8372093023255814,0.8837209302325582,0.875968992248062,0.8062015503875969,0.835658914728682,0.04113643150828402,22,0.7560427093184393,0.827229540496293,0.8798051778314937,0.8650897599965042,0.8002764191230489,0.825688721353156,0.04467607621211267,22,0.7529521030440148,0.825493777056277,0.8576892599144921,0.8547618209963411,0.7942354907089815,0.8170264903440213,0.03943112406484063,22
1.1944284439086914,0.017110168779780575,0.13819341659545897,0.009170005507951159,500,0.01,balanced,"{'feature_selection__k': 500, 'model__C': 0.01, 'model__class_weight': 'balanced'}",0.7906976744186046,0.8372093023255814,0.8682170542635659,0.875968992248062,0.7984496124031008,0.8341085271317829,0.034875106602176735,23,0.7695166182501709,0.8183465085638999,0.863696179457049,0.8652517436546077,0.7849986136799217,0.82036193272113,0.03932638894586542,23,0.7816182897984368,0.8213271103896104,0.8541740380362671,0.8722529083403696,0.7776197535050089,0.8213984200139386,0.0378403372236918,21
1.214406156539917,0.03612339782407196,0.13727231025695802,0.010454881552971931,500,0.01,,"{'feature_selection__k': 500, 'model__C': 0.01, 'model__class_weight': None}",0.7596899224806202,0.8372093023255814,0.8604651162790697,0.875968992248062,0.7829457364341085,0.8232558139534882,0.04477373357579427,24,0.7291628930280246,0.8211414230764076,0.8640068265068266,0.8663560907173015,0.7788843170953205,0.8119103100847761,0.05234778838034298,24,0.7277824197860963,0.8137513528138528,0.8400809007813651,0.851085350408106,0.7448175373388222,0.7955035122256484,0.05012919788657126,24
1.1688199043273926,0.04180839698037315,0.13450274467468262,0.008047271498692816,100,0.1,balanced,"{'feature_selection__k': 100, 'model__C': 0.1, 'model__class_weight': 'balanced'}",0.6976744186046512,0.7906976744186046,0.813953488372093,0.7209302325581395,0.7209302325581395,0.7488372093023256,0.045094696348058884,27,0.6723631711836902,0.7809461082450742,0.8142770631042942,0.710967322053578,0.6936827291302995,0.7344472787433872,0.054041519036631624,25,0.7170557383792678,0.7999255952380953,0.8098674996314315,0.7211138642059696,0.6888495598828417,0.7473624514675212,0.048375631886436864,25
1.1108672618865967,0.01962779958089327,0.12871904373168946,0.0035345475031102742,100,0.1,,"{'feature_selection__k': 100, 'model__C': 0.1, 'model__class_weight': None}",0.751937984496124,0.7984496124031008,0.7906976744186046,0.7596899224806202,0.7131782945736435,0.7627906976744186,0.030460283262617804,25,0.7008680966534278,0.7795735672684998,0.7732477066300596,0.7432867171997607,0.6747186147186146,0.7343389404940724,0.04077991388563267,26,0.7197295351707116,0.7719899891774892,0.7455961092571,0.7314907422299064,0.6638598437166549,0.7265332439103723,0.035856745138261516,28
1.1490702152252197,0.03158971658346071,0.13284454345703126,0.006568556852934053,100,1.0,,"{'feature_selection__k': 100, 'model__C': 1.0, 'model__class_weight': None}",0.7209302325581395,0.7984496124031008,0.813953488372093,0.6976744186046512,0.7286821705426356,0.751937984496124,0.04572986419768257,26,0.694018176479588,0.775997735559107,0.8034108510851649,0.6826978375891419,0.6991981880681281,0.731064557756226,0.048949394538473634,27,0.7070669220485397,0.7694534632034633,0.7792074604961602,0.6821766984305684,0.6985503853731407,0.7272909859103744,0.039353090445467594,27
1.1291326522827148,0.010981181927076866,0.13562326431274413,0.007688019121386582,100,1.0,balanced,"{'feature_selection__k': 100, 'model__C': 1.0, 'model__class_weight': 'balanced'}",0.7054263565891473,0.813953488372093,0.7829457364341085,0.689922480620155,0.7286821705426356,0.7441860465116279,0.0470255841491569,28,0.6747942979979593,0.7986138270471779,0.7706549029064242,0.6775132275132275,0.7078537866931977,0.7258860084315975,0.050137888552896005,28,0.6990744549568079,0.8101731601731601,0.7646628268532294,0.6901980888049,0.7139247169239429,0.7356066495424081,0.04532343936447835,26
1.1575053215026856,0.010510179707161617,0.13164958953857422,0.0063998936640013255,100,10.0,,"{'feature_selection__k': 100, 'model__C': 10.0, 'model__class_weight': None}",0.6821705426356589,0.7906976744186046,0.7674418604651163,0.6821705426356589,0.7054263565891473,0.7255813953488371,0.04509469634805887,29,0.6503395171137107,0.7716662558285889,0.7492605717605718,0.6670606609864922,0.6764792137730669,0.7029612438924862,0.04821452546192399,29,0.6657754010695187,0.7622564935064936,0.7333252918392237,0.6674708160776273,0.6822688727680988,0.7022193750521925,0.03874450098608514,29
1.1658144474029541,0.020774361917658125,0.135087251663208,0.002965783467600843,100,10.0,balanced,"{'feature_selection__k': 100, 'model__C': 10.0, 'model__class_weight': 'balanced'}",0.6821705426356589,0.7674418604651163,0.7596899224806202,0.6821705426356589,0.7054263565891473,0.7193798449612403,0.03714464666887115,30,0.6535787121599479,0.755884568689557,0.744926695630921,0.6652178448086377,0.679517112437371,0.699824986745287,0.04225073447201335,30,0.6675782856849033,0.7508928571428573,0.7349009220913245,0.6674708160776273,0.6899560385434998,0.7021597839080426,0.03462666737029639,30
1.1095275402069091,0.025969030463654518,0.12725424766540527,0.0023867732455933196,100,0.01,balanced,"{'feature_selection__k': 100, 'model__C': 0.01, 'model__class_weight': 'balanced'}",0.6589147286821705,0.7364341085271318,0.7751937984496124,0.6666666666666666,0.6046511627906976,0.6883720930232557,0.060325818475484426,32,0.6421471644297732,0.7267792392792393,0.7685784076574405,0.6679249587464597,0.5792545539516316,0.6769368648129088,0.06590266493286305,31,0.6902155748663101,0.7431750541125541,0.7706693203597228,0.6945471968691783,0.584724316898272,0.6966662926212075,0.06358713905349152,31
1.086797046661377,0.02810089434032486,0.12711563110351562,0.002447197732698469,100,0.01,,"{'feature_selection__k': 100, 'model__C': 0.01, 'model__class_weight': None}",0.6744186046511628,0.751937984496124,0.751937984496124,0.7441860465116279,0.6434108527131783,0.7131782945736435,0.04546628929803156,31,0.60204518308585,0.7006906771147277,0.7082342331661751,0.7263429210035436,0.5831492617289831,0.6640924552198559,0.05927007921065528,32,0.6035196421225832,0.6887242965367966,0.6774588543551392,0.6956771943227051,0.5604328914119936,0.6451625757498436,0.053676164446258876,32
